Uretici_KOD,MARKA,Tanim,DBName
 ,Kemal Tanca,Kemal Tanca,TANCA
 ,Tamer Tanca,Tamer Tanca,TANCA
 ,Tnc Sports,Tnc Sports,TANCA
 ,Valmenti,Valmenti,TANCA
 BARRACUDA,Kemal Tanca,Kemal Tanca,TANCA
2A,Kemal Tanca,Kemal Tanca,TANCA
3M,Kemal Tanca,Kemal Tanca,TANCA
655,guess,çizgi,TANCA
9 PONT,Kemal Tanca,Kemal Tanca,TANCA
A&R PONTES S.A,CAMPOBELLO,CAMPOBELLO,TANCA
A&R PONTES S.A,Kemal Tanca,Kemal Tanca,TANCA
A.INVANTES,A.INVANTES,A.INVANTES,TANCA
A.INVANTES,Kemal Tanca,Kemal Tanca,TANCA
AB AYAKKABI,Kemal Tanca,Kemal Tanca,TANCA
ABK TABAN,Tamer Tanca,Tamer Tanca,TANCA
ACAPELLA AYK,Tamer Tanca,Tamer Tanca,TANCA
ACAPELLA AYK,Valmenti,Valmenti,TANCA
ADAM,Kemal Tanca,Kemal Tanca,TANCA
ADEL AYK,Kemal Tanca,Kemal Tanca,TANCA
ADEL AYK,Tamer Tanca,Tamer Tanca,TANCA
ADEL AYK,Valmenti,Valmenti,TANCA
ADER AYK,Tamer Tanca,Tamer Tanca,TANCA
ADIM,Kemal Tanca,Kemal Tanca,TANCA
ADIMLA AYAKKABI,Kemal Tanca,Kemal Tanca,TANCA
ADIMLA AYAKKABI,Tamer Tanca,Tamer Tanca,TANCA
ADORLE,KEMAL TANCA,KEMAL TANCA,TANCA
AGILE,Agile&Rucoline,Agile by Rucoline,TANCA
AGILE,Kemal Tanca,Kemal Tanca,TANCA
AGNELLO,Kemal Tanca,Kemal Tanca,TANCA
AGUCINO,Kemal Tanca,Kemal Tanca,TANCA
AHS,Kemal Tanca,Kemal Tanca,TANCA
AKA DERİ,Kemal Tanca,Kemal Tanca,TANCA
AKADEMİ,Tamer Tanca,Tamer Tanca,TANCA
AKAR AYK,Kemal Tanca,Kemal Tanca,TANCA
AKAY KUNDURA,Kemal Tanca,Kemal Tanca,TANCA
AKAY KUNDURA,Tamer Tanca,Tamer Tanca,TANCA
AKCE DERİ,Kemal Tanca,Kemal Tanca,TANCA
AK-DİL DERİ,Tamer Tanca,Tamer Tanca,TANCA
AKEL AYK,Tamer Tanca,Tamer Tanca,TANCA
AKEL AYK,Valmenti,Valmenti,TANCA
AKKOÇ ,Kemal Tanca,Kemal Tanca,TANCA
AKKOÇ ,Tamer Tanca,Tamer Tanca,TANCA
AKSIN AYKK,Kemal Tanca,Kemal Tanca,TANCA
AKSIN AYKK,Tamer Tanca,Tamer Tanca,TANCA
AKSIN AYKK,Valmenti,Valmenti,TANCA
AKYOL,Kemal Tanca,Kemal Tanca,TANCA
ALA IST DERI,Kemal Tanca,Kemal Tanca,TANCA
ALASKA,Kemal Tanca,Kemal Tanca,TANCA
ALASKA,Tamer Tanca,Tamer Tanca,TANCA
ALAYURT AYK,Tamer Tanca,Tamer Tanca,TANCA
ALAZ,Kemal Tanca,Kemal Tanca,TANCA
ALBA,Kemal Tanca,Kemal Tanca,TANCA
ALBA AYK,Tamer Tanca,Tamer Tanca,TANCA
ALBA AYK,Valmenti,Valmenti,TANCA
ALBATROS,Kemal Tanca,Kemal Tanca,TANCA
ALBERTO GUARDIA,Alberto Guardia,Alberto Guardiani,TANCA
ALBERTO VERGA,ALBERTO VERGA,ALBERTO VERGA,TANCA
ALBERTO VERGA,Kemal Tanca,Kemal Tanca,TANCA
ALBI,Tamer Tanca,Tamer Tanca,TANCA
ALBI,Valmenti,Valmenti,TANCA
ALBINI,TAMER TANCA,Tamer Tanca,TANCA
ALBTHA AYK,Kemal Tanca,Kemal Tanca,TANCA
ALCA,Kemal Tanca,Kemal Tanca,TANCA
ALCA,Tamer Tanca,Tamer Tanca,TANCA
ALCA,Valmenti,Valmenti,TANCA
ALDO CASTAGNA,Kemal Tanca,Kemal Tanca,TANCA
ALESYA AYK,Tamer Tanca,Tamer Tanca,TANCA
ALESYA AYK,Valmenti,Valmenti,TANCA
ALEXANDER HOTTO,Alexander Hotto,Alexander Hotto,TANCA
ALGIN AYK,Valmenti,Valmenti,TANCA
ALI YILDIRIM,Kemal Tanca,Kemal Tanca,TANCA
ALIMA,Kemal Tanca,Kemal Tanca,TANCA
ALİZYA DERİ,Tamer Tanca,Tamer Tanca,TANCA
ALİZYA DERİ,Valmenti,Valmenti,TANCA
ALLEN AYK,Tamer Tanca,Tamer Tanca,TANCA
ALMIA,Kemal Tanca,Kemal Tanca,TANCA
ALMOD AYK,Tamer Tanca,Tamer Tanca,TANCA
ALORA AYK,Tamer Tanca,Tamer Tanca,TANCA
ALPA,Kemal Tanca,Kemal Tanca,TANCA
ALPA,Tamer Tanca,Tamer Tanca,TANCA
ALPI,Kemal Tanca,Kemal Tanca,TANCA
ALPI,tamer tanca,Tamer Tanca,TANCA
ALPİNO AYK,Tamer Tanaca,Tamer Tanca,TANCA
ALPİNO AYK,Valmenti,Valmenti,TANCA
ALPİRO AYK,Tamer Tanca,Tamer Tanca,TANCA
ALTANLAR,Kemal Tanca,Kemal Tanca,TANCA
ALTINEL,Kemal Tanca,Kemal Tanca,TANCA
ALTIS,Kemal Tanca,Kemal Tanca,TANCA
AMANI,AMANI,AMANI,TANCA
AMANI,Kemal Tanca,Kemal Tanca,TANCA
AMANI,Lazamani,Lazamani,TANCA
AMANI,Valmenti,Valmenti,TANCA
AMAZONS,Kemal Tanca,Kemal Tanca,TANCA
AMBITIOUS,Ambitious,Ambitious,TANCA
AMETİST,Kemal Tanca,Kemal Tanca,TANCA
AMETİST,Tamer Tanca,Tamer Tanca,TANCA
ANADOLİA TAVLA,Tamer Tanca,Tamer Tanca,TANCA
ANATOLYA,Kemal Tanca,Kemal Tanca,TANCA
AND AYK.,Kemal Tanca,Kemal Tanca,TANCA
ANDANTE,Kemal Tanca,Kemal Tanca,TANCA
ANDANTE,Tamer Tanca,Tamer Tanca,TANCA
ANDREALATTANZİ,Kemal Tanca,Kemal Tanca,TANCA
ANDYZ,Kemal Tanca,Kemal Tanca,TANCA
ANELIA,Kemal Tanca,Kemal Tanca,TANCA
ANKA VALİZ,Tamer Tanca,Tamer Tanca,TANCA
ANKA VALİZ,Valmenti,Valmenti,TANCA
ANNE LINE,Kemal Tanca,Kemal Tanca,TANCA
ANTEVISAO REPRE,MIGUEL VIEIRA,MIGUEL VIEIRA,TANCA
ANTIK,Kemal Tanca,Kemal Tanca,TANCA
ANTİK DERİ,Tamer Tanca,Tamer Tanca,TANCA
ANTİK DERİ,Valmenti,Valmenti,TANCA
APSER,Kemal Tanca,Kemal Tanca,TANCA
APSER,Tamer Tanca,Tamer Tanca,TANCA
ARAZI,Kemal Tanca,Kemal Tanca,TANCA
ARAZI,Tamer Tanca,Tamer Tanca,TANCA
ARAZI,Valmenti,Valmenti,TANCA
ARIAN,Kemal Tanca,Kemal Tanca,TANCA
ARMANI,Armani,Armani,TANCA
ARMANI,Kemal Tanca,Kemal Tanca,TANCA
ARONAY,Kemal Tanca,Kemal Tanca,TANCA
ARP AYAKK,Kemal Tanca,Kemal Tanca,TANCA
ARS,Kemal Tanca,Kemal Tanca,TANCA
ARSLANLI CORAP,Kemal Tanca,Kemal Tanca,TANCA
ARTE,Kemal Tanca,Kemal Tanca,TANCA
ARTESA,Kemal Tanca,Kemal Tanca,TANCA
ARTO,Kemal Tanca,Kemal Tanca,TANCA
ARTO,Tamer Tanca,Tamer Tanca,TANCA
ARTO,Valmenti,Valmenti,TANCA
ARZU TOKA,Kemal Tanca,Kemal Tanca,TANCA
AS ,Kemal Tanca,Kemal Tanca,TANCA
AS ,Tamer Tanca,Tamer Tanca,TANCA
AS ,Tnc Luxury,Tnc Luxury,TANCA
AS ,TNC PLUS,TNC PLUS,TANCA
AS ,Valmenti,Valmenti,TANCA
AS CLASSIC,Kemal Tanca,Kemal Tanca,TANCA
ASD,Kemal Tanca,Kemal Tanca,TANCA
ASD,Tamer Tanca,Tamer Tanca,TANCA
ASIL AYK,Tamer Tanca,Tamer Tanca,TANCA
ASIL AYK,Valmenti,Valmenti,TANCA
ASLAN DEMIR,Kemal Tanca,Kemal Tanca,TANCA
ASORTİ AYK.,Kemal Tanca,Kemal Tanca,TANCA
ASSTEP AYK,Tamer Tanca,Tamer Tanca,TANCA
ASUBED AYK,Tamer Tanca,Tamer Tanca,TANCA
ASYLUM,Kemal Tanca,Kemal Tanca,TANCA
ATAS İTHALAT CN,Kemal Tanca,Kemal Tanca,TANCA
ATASAY,Kemal Tanca,Kemal Tanca,TANCA
ATASAY,Tamer Tanca,Tamer Tanca,TANCA
ATAŞ AYK,Tamer Tanca,Tamer Tanca,TANCA
ATAYLAR MATB.,Tamer Tanca,Tamer Tanca,TANCA
ATAYLAR MATB.,Valmenti,Valmenti,TANCA
ATILIM,Kemal Tanca,Kemal Tanca,TANCA
ATILIM AYK/CNT,Tamer Tanca,Tamer Tanca,TANCA
ATILIM AYK/CNT,Valmenti,Valmenti,TANCA
ATTOLYE AYK,Tamer Tanca,Tamer Tanca,TANCA
AVCIOGLU AYK,Tamer Tanca,Tamer Tanca,TANCA
AXELL,Kemal Tanca,Kemal Tanca,TANCA
AYA OSKAR,Kemal Tanca,Kemal Tanca,TANCA
AYA OSKAR,Tamer Tanca,Tamer Tanca,TANCA
AYCAN ÇANTA,Tamer Tanca,Tamer Tanca,TANCA
AYDIN,Kemal Tanca,Kemal Tanca,TANCA
AYDIN,Tamer Tanca,Tamer Tanca,TANCA
AYDIN,Valmenti,Valmenti,TANCA
AYDINLAR,Kemal Tanca,Kemal Tanca,TANCA
AYGUL DERI,Kemal Tanca,Kemal Tanca,TANCA
AYGUL DERI,Tamer Tanca,Tamer Tanca,TANCA
AYPA ,Kemal Tanca,Kemal Tanca,TANCA
AYPA ,Tamer Tanca,Tamer Tanca,TANCA
AYPAŞ AYK,Kemal Tanca,Kemal Tanca,TANCA
AYPAŞ AYK,Tamer Tanca,Tamer Tanca,TANCA
AYSA AYK,Kemal Tanca,Kemal Tanca,TANCA
AYTAN BEBE,Kemal Tanca,Kemal Tanca,TANCA
AYTAN BEBE,Tamer Tanca,Tamer Tanca,TANCA
AZİZ,Kemal Tanca,Kemal Tanca,TANCA
AZİZ,Tamer Tanca,Tamer Tanca,TANCA
AZUREE,Kemal Tanca,Kemal Tanca,TANCA
B&C,Kemal Tanca,Kemal Tanca,TANCA
BACCO,Kemal Tanca,Kemal Tanca,TANCA
BADE,Kemal Tanca,Kemal Tanca,TANCA
BADE,ROBERTO BOTTICE,ROBERTO BOTTICELLI,TANCA
BADİLLİ AYK.,Kemal Tanca,Kemal Tanca,TANCA
BADİLLİ AYK.,Tamer Tanca,Tamer Tanca,TANCA
BAFAŞ,Kemal Tanca,Kemal Tanca,TANCA
BAFAŞ,Tamer Tanca,Tamer Tanca,TANCA
BAGATTO,Bagatto,Bagatto,TANCA
BAGATTO,Castell,Castell,TANCA
BAGATTO,Kemal Tanca,Kemal Tanca,TANCA
BAHAR CANTA,Kemal Tanca,Kemal Tanca,TANCA
BAKACAN,Kemal Tanca,Kemal Tanca,TANCA
BAKIR BAGS,Tamer Tanca,Tamer Tanca,TANCA
BAL ÇANTA,Tamer Tanca,Tamer Tanca,TANCA
BALDININI,BALDININI,BALDININI,TANCA
BALLY,Bally,Bally,TANCA
BAMBI,Kemal Tanca,Kemal Tanca,TANCA
BAMBİNO AYK,Tamer Tanca,Tamer Tanca,TANCA
BAMBİNO AYK,Valmenti,Valmenti,TANCA
BARACUDA,Barracuda,Barracuda,TANCA
BARACUDA,Kemal Tanca,Kemal Tanca,TANCA
BARAN,Kemal Tanca,Kemal Tanca,TANCA
BARBAROS,Kemal Tanca,Kemal Tanca,TANCA
BARBOUR,Kemal Tanca,Kemal Tanca,TANCA
BARCELINO,Kemal Tanca,Kemal Tanca,TANCA
BARETTİ AYK,Tamer Tanca,Tamer Tanca,TANCA
BARETTİ AYK,Valmenti,Valmenti,TANCA
BARKIN,Kemal Tanca,Kemal Tanca,TANCA
BARMES,Kemal Tanca,Kemal Tanca,TANCA
BARMES TRIVIA,Kemal Tanca,Kemal Tanca,TANCA
BARO AYK,Tamer Tanca,Tamer Tanca,TANCA
BARONİ AYK,Tamer Tanca,Tamer Tanca,TANCA
BARONİ AYK,Valmenti,Valmenti,TANCA
BARRACUDA,BARRACUDA,Barracuda,TANCA
BARRATS,Kemal Tanca,Kemal Tanca,TANCA
BARTRİDGE AYK,Tamer Tanca,Tamer Tanca,TANCA
BAŞARAN AYK,Tamer Tanca,Tamer Tanca,TANCA
BAŞARAN AYK,Valmenti,Valmenti,TANCA
BAŞLAK KUN,Kemal Tanca,Kemal Tanca,TANCA
BATI,Kemal Tanca,Kemal Tanca,TANCA
BATI,Tamer Tanca,Tamer Tanca,TANCA
BATI,Valmenti,Valmenti,TANCA
BATU CANTA,Kemal Tanca,Kemal Tanca,TANCA
BATU CANTA,Tamer Tanca,Tamer Tanca,TANCA
BATUR,Kemal Tanca,Kemal Tanca,TANCA
BATUR,Tamer Tanca,Tamer Tanca,TANCA
BATUR AYK.,Kemal Tanca,Kemal Tanca,TANCA
BAY HALDUN,Kemal Tanca,Kemal Tanca,TANCA
BAY HALDUN,Tamer Tanca,Tamer Tanca,TANCA
BAYMEN AYK,Kemal Tanca,Kemal Tanca,TANCA
BAYMEN AYK,Tamer Tanca,Tamer Tanca,TANCA
BAYTEŞE AYK,Kemal Tanca,Kemal Tanca,TANCA
BEETY AYK,Tamer Tanca,Tamer Tanca,TANCA
BEETY AYK,Valmenti,Valmenti,TANCA
BEHÇET KURTKAYA,Tamer Tanca,Tamer Tanca,TANCA
BEKTAY BEBE,Kemal Tanca,Kemal Tanca,TANCA
BELLA,Kemal Tanca,Kemal Tanca,TANCA
BELLA,Tamer Tanca,Tamer Tanca,TANCA
BELLA,Valmenti,Valmenti,TANCA
BELMONDO,Kemal Tanca,Kemal Tanca,TANCA
BEME AYK,Kemal Tanca,Kemal Tanca,TANCA
BENIMSE,Kemal Tanca,Kemal Tanca,TANCA
BENTA,Kemal Tanca,Kemal Tanca,TANCA
BENTER,Kemal Tanca,Kemal Tanca,TANCA
BERAT EMIR,Kemal Tanca,Kemal Tanca,TANCA
BERDİ,Kemal Tanca,Kemal Tanca,TANCA
BERFIN,Kemal Tanca,Kemal Tanca,TANCA
BERISHA,Kemal Tanca,Kemal Tanca,TANCA
BERISHA,Tamer Tanca,Tamer Tanca,TANCA
BERSAN,Kemal Tanca,Kemal Tanca,TANCA
BERSAN DC,Kemal Tanca,Kemal Tanca,TANCA
BESEL AYK,Kemal Tanca,Kemal Tanca,TANCA
BEST GROUP,Kemal Tanca,Kemal Tanca,TANCA
BESTELLO AYK,Tamer Tanca,Tamer Tanca,TANCA
BESTELLO AYK,Valmenti,Valmenti,TANCA
BEYAZ CORAP,Kemal Tanca,Kemal Tanca,TANCA
BEYAZ CORAP,Tamer Tanca,Tamer Tanca,TANCA
BEYHAN AYAKKABI,Kemal Tanca,Kemal Tanca,TANCA
BEYOĞLU AYAKK.,Kemal Tanca,Kemal Tanca,TANCA
BEYOĞLU AYAKK.,Tamer Tanca,Tamer Tanca,TANCA
BFM AYK,Kemal Tanca,Kemal Tanca,TANCA
BIBEROGLU AYK,Kemal Tanca,Kemal Tanca,TANCA
BIG STAR,Kemal Tanca,Kemal Tanca,TANCA
BILEN AYAKKABI,Kemal Tanca,Kemal Tanca,TANCA
BILKON DERI,Kemal Tanca,Kemal Tanca,TANCA
BILKON DERI,Tamer Tanca,Tamer Tanca,TANCA
BILKON DERI,Valmenti,Valmenti,TANCA
BILLIE JEAN,Kemal Tanca,Kemal Tanca,TANCA
BIRIKIM,Kemal Tanca,Kemal Tanca,TANCA
BIRKENSTOCK,Birkenstock,Birkenstock,TANCA
BIROL AYK,Kemal Tanca,Kemal Tanca,TANCA
BIRSEV,Kemal Tanca,Kemal Tanca,TANCA
BIRSEV,Tamer Tanca,Tamer Tanca,TANCA
BISTROL DERI,Kemal Tanca,Kemal Tanca,TANCA
BISTROL DERI,Tamer Tanca,Tamer Tanca,TANCA
BISTROL DERI,Valmenti,Valmenti,TANCA
BİGFOOT SHOES,Kemal Tanca,Kemal Tanca,TANCA
BİMKA,Kemal Tanca,Kemal Tanca,TANCA
BLUESTEP,KEMAL TANCA,KEMAL TANCA,TANCA
BLUESTEP,Tamer Tanca,Tamer Tanca,TANCA
BLUESTEP,Valmenti,Valmenti,TANCA
BNS,Kemal Tanca,Kemal Tanca,TANCA
BNS,SHOEBOYS,SHOEBOYS,TANCA
BOBO SHOES,Kemal Tanca,Kemal Tanca,TANCA
BOEMOS,Kemal Tanca,Kemal Tanca,TANCA
BOGARD,Kemal Tanca,Kemal Tanca,TANCA
BOGARD,Tamer Tanca,Tamer Tanca,TANCA
BOGNER,Kemal Tanca,Kemal Tanca,TANCA
BOLERO,Kemal Tanca,Kemal Tanca,TANCA
BOND,Kemal Tanca,Kemal Tanca,TANCA
BOND,Tamer Tanca,Tamer Tanca,TANCA
BOND,Valmenti,Valmenti,TANCA
BONFIGLIO,TAMER TANCA,TAMER TANCA,TANCA
BOOX BIRCAN,Kemal Tanca,Kemal Tanca,TANCA
BOTA,Kemal Tanca,Kemal Tanca,TANCA
BOZYAKA,Kemal Tanca,Kemal Tanca,TANCA
BOZYAKA,Tamer Tanca,Tamer Tanca,TANCA
BRAINTROPY,Braintrophy,Braintrophy,TANCA
BRAINTROPY,Kemal Tanca,Kemal Tanca,TANCA
BRANCHİNİ,Branchini,Branchini,TANCA
BRAVO,Kemal Tanca,Kemal Tanca,TANCA
BRAVO,Tamer Tanca,Tamer Tanca,TANCA
BRC,Kemal Tanca,Kemal Tanca,TANCA
BREAK&WALK,Kemal Tanca,Kemal Tanca,TANCA
BRIO,Kemal Tanca,Kemal Tanca,TANCA
BRONX,Bronx,Bronx,TANCA
BRONX,Kemal Tanca,Kemal Tanca,TANCA
BRUE,ALDO BRUE,ALDO BRUE,TANCA
BRUE,Kemal Tanca,Kemal Tanca,TANCA
BRUMA AYK,Tamer Tanca,Tamer Tanca,TANCA
BRUNO ROSSI BAG,BRUNO ROSSI BAG,BRUNO ROSSI BAG,TANCA
BRUNOS,BRUNOS,BRUNOS,TANCA
BT,Kemal Tanca,Kemal Tanca,TANCA
BUBALUS,Kemal Tanca,Kemal Tanca,TANCA
BUENO,Kemal Tanca,Kemal Tanca,TANCA
BUFF,Kemal Tanca,Kemal Tanca,TANCA
BUFFON AYK,Kemal Tanca,Kemal Tanca,TANCA
BULBUL,Kemal Tanca,Kemal Tanca,TANCA
BULBUL AYK,Kemal Tanca,Kemal Tanca,TANCA
BUMS AYK,Kemal Tanca,Kemal Tanca,TANCA
BUMS AYK,Tamer Tanca,Tamer Tanca,TANCA
BUREMON AYK,Kemal Tanca,Kemal Tanca,TANCA
BUREMON AYK,Tamer Tanca,Tamer Tanca,TANCA
BUREMON AYK,Tnc Sports,Tnc Sports,TANCA
BUREMON AYK,Valmenti,Valmenti,TANCA
BUSE,Kemal Tanca,Kemal Tanca,TANCA
BUTTERI,Butteri,Butteri,TANCA
BUTTERI,Kemal Tanca,Kemal Tanca,TANCA
BÜLBÜL AYK,Kemal Tanca,Kemal Tanca,TANCA
BÜLBÜL AYK,Tamer Tanca,Tamer Tanca,TANCA
BÜLENT ŞAHRE,Kemal Tanca,Kemal Tanca,TANCA
BÜLENT ŞAHRE,Tamer Tanca,Tamer Tanca,TANCA
BÜLENT TANCA ,Kemal Tanca,Kemal Tanca,TANCA
BW,Kemal Tanca,Kemal Tanca,TANCA
BY CELIK AYK,Tamer Tanca,Tamer Tanca,TANCA
BY KESİM AYK,Tamer Tanca,Tamer Tanca,TANCA
BY KOZ,Kemal Tanca,Kemal Tanca,TANCA
BY KOZ,Tamer Tanca,Tamer Tanca,TANCA
BYBLOS,Kemal Tanca,Kemal Tanca,TANCA
BYMORA,Kemal Tanca,Kemal Tanca,TANCA
BYSTARMEN AYK,Tamer Tanca,Tamer Tanca,TANCA
CABANI,Kemal Tanca,Kemal Tanca,TANCA
CAFENOIR,CAFENOIR,CAFENOIR,TANCA
CAFENOIR,Kemal Tanca,Kemal Tanca,TANCA
CAHIT,Kemal Tanca,Kemal Tanca,TANCA
CALCE,Kemal Tanca,Kemal Tanca,TANCA
CALLAGHAN,CALLAGHAN,CALLAGHAN,TANCA
CALZ GAL MEN,Kemal Tanca,Kemal Tanca,TANCA
CALZ. CAF SRL,Kemal Tanca,Kemal Tanca,TANCA
CALZ. DEMA,GIANNI DESIMONE,GIANNI DESIMONE,TANCA
CALZ. DEMA,Kemal Tanca,Kemal Tanca,TANCA
CALZ. DOVER,GIOVANNI CICCIO,GIOVANNI CICCIOLI,TANCA
CALZ. DOVER,Kemal Tanca,Kemal Tanca,TANCA
CALZ. DYVA,Kemal Tanca,Kemal Tanca,TANCA
CALZ.EMMEGIEMME,Kemal Tanca,Kemal Tanca,TANCA
CALZ.EMMEGIEMME,MAIMAI,MAIMAI,TANCA
CALZ.FRATELLİ,Kemal Tanca,Kemal Tanca,TANCA
CALZ.FRATELLİ,VANNI,VANNI,TANCA
CAMILO MARTINS,Kemal Tanca,Kemal Tanca,TANCA
CAMILO MARTINS,Tamer Tanca,Tamer Tanca,TANCA
CAMINA,Kemal Tanca,Kemal Tanca,TANCA
CAMINA,Tamer Tanca,Tamer Tanca,TANCA
CAMINA,Valmenti,Valmenti,TANCA
CAN,Kemal Tanca,Kemal Tanca,TANCA
CAN,Tamer Tanca,Tamer Tanca,TANCA
CAN,Valmenti,Valmenti,TANCA
CAN VARTİS,Tamer Tanca,Tamer Tanca,TANCA
CAN VARTİS,Valmenti,Valmenti,TANCA
CANAYK,Kemal Tanca,Kemal Tanca,TANCA
CANBEBE,Kemal Tanca,Kemal Tanca,TANCA
CANBEY,Kemal Tanca,Kemal Tanca,TANCA
CANBEY,Tamer Tanca,Tamer Tanca,TANCA
CANBEY,Valmenti,Valmenti,TANCA
CANBULUT,Tamer Tanca,Tamer Tanca,TANCA
CANBULUT,Valmenti,Valmenti,TANCA
CANDICE COOPER,CANDICE COOPER,CANDICE COOPER,TANCA
CANDICE COOPER,Kemal Tanca,Kemal Tanca,TANCA
CANER ROK AYK,Kemal Tanca,Kemal Tanca,TANCA
CANER ROK AYK,Tamer Tanca,Tamer Tanca,TANCA
CANILH,Kemal Tanca,Kemal Tanca,TANCA
CANTAŞ,Kemal Tanca,Kemal Tanca,TANCA
CANTENARIO,Kemal Tanca,Kemal Tanca,TANCA
CANZONE,Kemal Tanca,Kemal Tanca,TANCA
CAPEZZANI,Kemal Tanca,Kemal Tanca,TANCA
CAPICCIO,Kemal Tanca,Kemal Tanca,TANCA
CAPOVERSO,Kemal Tanca,Kemal Tanca,TANCA
CAPOVERSOYILMAZ,Kemal Tanca,Kemal Tanca,TANCA
CAPPELLETTI,Kemal Tanca,Kemal Tanca,TANCA
CAPRIOLA,Kemal Tanca,Kemal Tanca,TANCA
CAPRİOLA,Kemal Tanca,Kemal Tanca,TANCA
CAREL,Kemal Tanca,Kemal Tanca,TANCA
CARLO PIGNATELL,Kemal Tanca,Kemal Tanca,TANCA
CARLO VENTO,Kemal Tanca,Kemal Tanca,TANCA
CARLO VENTO,Tamer Tanca,Tamer Tanca,TANCA
CAS AYK,Kemal Tanca,Kemal Tanca,TANCA
CASHCA AYK,Kemal Tanca,Kemal Tanca,TANCA
CASHKA,Kemal Tanca,Kemal Tanca,TANCA
CASTELL,Kemal Tanca,Kemal Tanca,TANCA
CASTELLANO,Kemal Tanca,Kemal Tanca,TANCA
CASTER,Kemal Tanca,Kemal Tanca,TANCA
CATTIM,Kemal Tanca,Kemal Tanca,TANCA
CATTIM,Tamer Tanca,Tamer Tanca,TANCA
CAVALLI,Kemal Tanca,Kemal Tanca,TANCA
CEBECI AYK,Kemal Tanca,Kemal Tanca,TANCA
CEBECI AYK,Valmenti,Valmenti,TANCA
CELAL AY,Tamer Tanca,Tamer Tanca,TANCA
CELIK AYK,Kemal Tanca,Kemal Tanca,TANCA
CELIK AYK,Tamer Tanca,Tamer Tanca,TANCA
CEM BEBE,Kemal Tanca,Kemal Tanca,TANCA
CEMRE AYK,Tamer Tanca,Tamer Tanca,TANCA
CEMRE AYK,Valmenti,Valmenti,TANCA
CEMS AYK,Tamer Tanca,Tamer Tanca,TANCA
CEMS AYK,Valmenti,Valmenti,TANCA
CENGIZ,Kemal Tanca,Kemal Tanca,TANCA
CENGİZHAN ÜNLER,Tamer Tanca,Tamer Tanca,TANCA
CENSAY,Kemal Tanca,Kemal Tanca,TANCA
CENTILE,Kemal Tanca,Kemal Tanca,TANCA
CERBERO,Kemal Tanca,Kemal Tanca,TANCA
CERUTTI,Kemal Tanca,Kemal Tanca,TANCA
CERVERA,Kemal Tanca,Kemal Tanca,TANCA
CESA,Kemal Tanca,Kemal Tanca,TANCA
CESAREPACIOTTI,Cesare Paciotti,Cesare Paciotti,TANCA
CEVHER AYK,Kemal Tanca,Kemal Tanca,TANCA
CEYLAN AYK,Kemal Tanca,Kemal Tanca,TANCA
CG AYAKKABI,Kemal Tanca,Kemal Tanca,TANCA
CG AYAKKABI,Tamer Tanca,Tamer Tanca,TANCA
CG AYAKKABI,Valmenti,Valmenti,TANCA
CHAOS AYK,Tamer Tanca,Tamer Tanca,TANCA
CHAOS AYK,Valmenti,Valmenti,TANCA
CHIARUGI,Kemal Tanca,Kemal Tanca,TANCA
CHIBS,Kemal Tanca,Kemal Tanca,TANCA
CHILI,CHILI,CHILI,TANCA
CHILI,Kemal Tanca,Kemal Tanca,TANCA
CHILI,Tamer Tanca,Tamer Tanca,TANCA
CIAC,Kemal Tanca,Kemal Tanca,TANCA
CICCIOLI,Giovanni Ciccio,Giovanni Ciccioli,TANCA
CICI BEBE,Kemal Tanca,Kemal Tanca,TANCA
CIENTA,CIENTA,CIENTA,TANCA
CIENTA,Kemal Tanca,Kemal Tanca,TANCA
CIFT-AS,DONNA CAROLIN,DONNA CAROLIN,TANCA
CIFT-AS,Kemal Tanca,Kemal Tanca,TANCA
CIMA-VULCARINI,Kemal Tanca,Kemal Tanca,TANCA
CIZGI,Kemal Tanca,Kemal Tanca,TANCA
CİHAN YORGAN,Kemal Tanca,Kemal Tanca,TANCA
CİHAN YORGAN,Tamer Tanca,Tamer Tanca,TANCA
CK,Kemal Tanca,Kemal Tanca,TANCA
CLARKS,Clarks,Clarks,TANCA
CLARKS,Kemal Tanca,Kemal Tanca,TANCA
CMF ŞAPKA,Tamer Tanca,Tamer Tanca,TANCA
COCONUT AYK,Valmenti,Valmenti,TANCA
COLLINA SOHES,Kemal Tanca,Kemal Tanca,TANCA
COLLINA SOHES,Tamer Tanca,Tamer Tanca,TANCA
COMART,Kemal Tanca,Kemal Tanca,TANCA
COMFORTSYST S.A,Kemal Tanca,Kemal Tanca,TANCA
COMFORTSYST S.A,Softwaves,Softwaves,TANCA
CONRAD AYK,Kemal Tanca,Kemal Tanca,TANCA
CORDWAINER,CORDWAINER,CORDWAINER,TANCA
CORDWAINER,Kemal Tanca,Kemal Tanca,TANCA
COSI FOOTWEAR,PALOMITAS,PALOMITAS,TANCA
COSSINI,Kemal Tanca,Kemal Tanca,TANCA
COSY SUNDAY,Tamer Tanca,Tamer Tanca,TANCA
CRC-ALTIN AYK,Tamer Tanca,Tamer Tanca,TANCA
CREST,Kemal Tanca,Kemal Tanca,TANCA
CREWPAGE,PICUSA,PICUSA,TANCA
CRM AYK,Kemal Tanca,Kemal Tanca,TANCA
CRM AYK,Tamer Tanca,Tamer Tanca,TANCA
CROMIA,Kemal Tanca,Kemal Tanca,TANCA
CS AYK,Tamer Tanca,Tamer Tanca,TANCA
CUBUKCUOGLU,CUBUKCUOGLU,CUBUKCUOGLU,TANCA
CUMHUR,Kemal Tanca,Kemal Tanca,TANCA
CURASAN,Kemal Tanca,Kemal Tanca,TANCA
CUYANA,CUYANA,CUYANA,TANCA
ÇAGLAR AYK,Kemal Tanca,Kemal Tanca,TANCA
ÇAGLAR AYK,Tamer Tanca,Tamer Tanca,TANCA
ÇANTA AŞKI,Valmenti,Valmenti,TANCA
ÇELİK AYK,Tamer Tanca,Tamer Tanca,TANCA
ÇELİK AYK,Valmenti,Valmenti,TANCA
ÇEVİK AYK,Kemal Tanca,Kemal Tanca,TANCA
ÇEVİK AYK,Tamer Tanca,Tamer Tanca,TANCA
ÇEVİK AYK,Valmenti,Valmenti,TANCA
ÇİÇEK GİYİM,CALVIN KLEIN,CALVIN KLEIN,TANCA
ÇİÇEK GİYİM,GUESS,GUESS,TANCA
ÇİÇEK GİYİM,Kemal Tanca,Kemal Tanca,TANCA
D&E AYK,Kemal Tanca,Kemal Tanca,TANCA
D.LEPORI,D.LEPORI,D.LEPORI,TANCA
DA.MA&CO SRL,Kemal Tanca,Kemal Tanca,TANCA
DACQUSPARTA,Kemal Tanca,Kemal Tanca,TANCA
DANACI AYK,Kemal Tanca,Kemal Tanca,TANCA
DANACI AYK,Tamer Tanca,Tamer Tanca,TANCA
DANIELE SANTINI,Daniele Santini,Daniele Santini,TANCA
DANIELE SANTINI,Kemal Tanca,Kemal Tanca,TANCA
DANNASOFT,DANNASOFT,DANNASOFT,TANCA
DANNASOFT,Kemal Tanca,Kemal Tanca,TANCA
DAPHNE,Kemal Tanca,Kemal Tanca,TANCA
DAPHNE,Tamer Tanca,Tamer Tanca,TANCA
DARK,Kemal Tanca,Kemal Tanca,TANCA
DAVARCI KUND,Tamer Tanca,Tamer Tanca,TANCA
DAVİD ROSSİ,Tamer Tanca,Tamer Tanca,TANCA
DAVİD ROSSİ,Valmenti,Valmenti,TANCA
DC,DC,DC,TANCA
DC,Kemal Tanca,Kemal Tanca,TANCA
D-DERI ÇNT,Kemal Tanca,Kemal Tanca,TANCA
D-DERI ÇNT,TANCA PLUS,TANCA PLUS,TANCA
DDH REKLAM,Tamer Tanca,Tamer Tanca,TANCA
DE MARCHA,Kemal Tanca,Kemal Tanca,TANCA
DE MAZZİO,Kemal Tanca,Kemal Tanca,TANCA
DE NİL AYK,Tamer Tanca,Tamer Tanca,TANCA
DE NİL AYK,Valmenti,Valmenti,TANCA
DE PEDRO,Kemal Tanca,Kemal Tanca,TANCA
DE PEDRO,Tamer Tanca,Tamer Tanca,TANCA
DE VİB,Kemal Tanca,Kemal Tanca,TANCA
DECONT,Kemal Tanca,Kemal Tanca,TANCA
DEERY,Kemal Tanca,Kemal Tanca,TANCA
DEFNE SANDALET,Tamer Tanca,Tamer Tanca,TANCA
DEFNE SANDALET,Valmenti,Valmenti,TANCA
DELLS,Kemal Tanca,Kemal Tanca,TANCA
DELLS,Tamer Tanca,Tamer Tanca,TANCA
DEMA,Kemal Tanca,Kemal Tanca,TANCA
DEMAR,Tamer Tanca,Tamer Tanca,TANCA
DEMİRAK AYK,Kemal Tanca,Kemal Tanca,TANCA
DEMİRAK AYK,Tamer Tanca,Tamer Tanca,TANCA
DEMİRAK AYK,Valmenti,Valmenti,TANCA
DEMMİ,Kemal Tanca,Kemal Tanca,TANCA
DEMPA,Kemal Tanca,Kemal Tanca,TANCA
DEMROMA AYK,Tamer Tanca,Tamer Tanca,TANCA
DEMROMA AYK,Valmenti,Valmenti,TANCA
DEMSA,Kemal Tanca,Kemal Tanca,TANCA
DEPAR,Kemal Tanca,Kemal Tanca,TANCA
DEPOSHOES,Kemal Tanca,Kemal Tanca,TANCA
DERI ON,Kemal Tanca,Kemal Tanca,TANCA
DERIBU,Kemal Tanca,Kemal Tanca,TANCA
DERICI,Kemal Tanca,Kemal Tanca,TANCA
DERIKO,Kemal Tanca,Kemal Tanca,TANCA
DERIKO,Tamer Tanca,Tamer Tanca,TANCA
DERIMAK,Kemal Tanca,Kemal Tanca,TANCA
DERIMEN AYK,Tamer Tanca,Tamer Tanca,TANCA
DERION,Kemal Tanca,Kemal Tanca,TANCA
DERIVA,Kemal Tanca,Kemal Tanca,TANCA
DERIVA DERI,Kemal Tanca,Kemal Tanca,TANCA
DERİCİN SARAC,Tamer Tanca,Tamer Tanca,TANCA
DERİCİN SARAC,Valmenti,Valmenti,TANCA
DERİMO,Kemal Tanca,Kemal Tanca,TANCA
DERİVA,Tamer Tanca,Tamer Tanca,TANCA
DERLUKS,Kemal Tanca,Kemal Tanca,TANCA
DERMA,Kemal Tanca,Kemal Tanca,TANCA
DERPA,Kemal Tanca,Kemal Tanca,TANCA
DERRY,Kemal Tanca,Kemal Tanca,TANCA
DESA,Kemal Tanca,Kemal Tanca,TANCA
DESAN,Kemal Tanca,Kemal Tanca,TANCA
DESAN,Valmenti,Valmenti,TANCA
DESAR DERI MNT,Kemal Tanca,Kemal Tanca,TANCA
DESAR DERI MNT,Tamer Tanca,Tamer Tanca,TANCA
DESİ,Kemal Tanca,Kemal Tanca,TANCA
DESİ,Tamer Tanca,Tamer Tanca,TANCA
DESİREE,Kemal Tanca,Kemal Tanca,TANCA
DESİSAN ÇANTA,Tamer Tanca,Tamer Tanca,TANCA
DESİSAN ÇANTA,Valmenti,Valmenti,TANCA
DETAY,Kemal Tanca,Kemal Tanca,TANCA
DEVA AYK,Kemal Tanca,Kemal Tanca,TANCA
DEVA AYK,Tamer Tanca,Tamer Tanca,TANCA
DEVA AYK,Tnc Luxury,Tnc Luxury,TANCA
DEVA AYK,Valmenti,Valmenti,TANCA
DEVIL,Kemal Tanca,Kemal Tanca,TANCA
DEVIL,Tamer Tanca,Tamer Tanca,TANCA
DEVRAN,Kemal Tanca,Kemal Tanca,TANCA
DGE S.R.L.,DGE S.R.L.,DGE S.R.L.,TANCA
DI FETTI,Kemal Tanca,Kemal Tanca,TANCA
DICCI,Kemal Tanca,Kemal Tanca,TANCA
DINAMO,Kemal Tanca,Kemal Tanca,TANCA
DINAMO,MARIA TUCCI,MARIA TUCCI,TANCA
DINGDING CAPS,Valmenti,Valmenti,TANCA
DINO BIGIONI,DINO BIGIONI,DINO BIGIONI,TANCA
DINO BIGIONI,Kemal Tanca,Kemal Tanca,TANCA
DIVERSO,Kemal Tanca,Kemal Tanca,TANCA
DIVINO,Kemal Tanca,Kemal Tanca,TANCA
DIVINO,Tamer Tanca,Tamer Tanca,TANCA
DİAMOND AYK,Kemal Tanca,Kemal Tanca,TANCA
DİAMOND AYK,Tamer Tanca,Tamer Tanca,TANCA
DİSTANBUL,Kemal Tanca,Kemal Tanca,TANCA
DMAX AYK,Tamer Tanca,Tamer Tanca,TANCA
DMAX AYK,Valmenti,Valmenti,TANCA
DNZ CANTA,Kemal Tanca,Kemal Tanca,TANCA
DOGANAY,Kemal Tanca,Kemal Tanca,TANCA
DOGUS,Kemal Tanca,Kemal Tanca,TANCA
DOĞA SPOR,Kemal Tanca,Kemal Tanca,TANCA
DOĞANLAR,Kemal Tanca,Kemal Tanca,TANCA
DOKA,Kemal Tanca,Kemal Tanca,TANCA
DOLANI,Kemal Tanca,Kemal Tanca,TANCA
DOLCE,DOLCE,DOLCE,TANCA
DON DIEGO,Kemal Tanca,Kemal Tanca,TANCA
DONERTAS,Kemal Tanca,Kemal Tanca,TANCA
DONNA BACCONI,Kemal Tanca,Kemal Tanca,TANCA
DONNA CAROLİNA,DONNA CAROLINA,DONNA CAROLINA,TANCA
DONNA CAROLİNA,DONNA CAROLİNA,DONNA CAROLINA,TANCA
DONNASOFT,DONNA SOFT,DONNA SOFT,TANCA
DONNASOFT,Kemal Tanca,Kemal Tanca,TANCA
DORF,Kemal Tanca,Kemal Tanca,TANCA
DORF,TANCA PLUS,TANCA PLUS,TANCA
DORITA,Kemal Tanca,Kemal Tanca,TANCA
DORO,Kemal Tanca,Kemal Tanca,TANCA
DORT BEY,Kemal Tanca,Kemal Tanca,TANCA
DORT BEY,Tamer Tanca,Tamer Tanca,TANCA
DORT BEY,Valmenti,Valmenti,TANCA
DOSTELİ CUMHUR,Kemal Tanca,Kemal Tanca,TANCA
DOSTELİ CUMHUR,Tamer Tanca,Tamer Tanca,TANCA
DOSTELİ CUMHUR,Tnc Sports,Tnc Sports,TANCA
DOU AYK,Kemal Tanca,Kemal Tanca,TANCA
DOUCALS,Doucals,Doucals,TANCA
DOUCALS,Kemal Tanca,Kemal Tanca,TANCA
DOVER,Kemal Tanca,Kemal Tanca,TANCA
DOWNTOWN,Kemal Tanca,Kemal Tanca,TANCA
DÖRTLER ÇANTA,Kemal Tanca,Kemal Tanca,TANCA
DREAM HOCAOĞLU,Kemal Tanca,Kemal Tanca,TANCA
DREAM HOCAOĞLU,Tamer Tanca,Tamer Tanca,TANCA
DREAM HOCAOĞLU,Valmenti,Valmenti,TANCA
DREAMER,Kemal Tanca,Kemal Tanca,TANCA
DSN,Kemal Tanca,Kemal Tanca,TANCA
DSQUARED2,Dsquared2,Dsquared2,TANCA
DUCA DI WELLS,Kemal Tanca,Kemal Tanca,TANCA
DUKANS,Kemal Tanca,Kemal Tanca,TANCA
DUKANS,Tamer Tanca,Tamer Tanca,TANCA
DYN,Kemal Tanca,Kemal Tanca,TANCA
DYVA,Kemal Tanca,Kemal Tanca,TANCA
EASY PEASY,Kemal Tanca,Kemal Tanca,TANCA
ECHOLE,Kemal Tanca,Kemal Tanca,TANCA
ECOCALZA S.L,Kemal Tanca,Kemal Tanca,TANCA
EDDICUOMO,EDDICUOMO,EDDICUOMO,TANCA
EDER,Kemal Tanca,Kemal Tanca,TANCA
EDESSA,Kemal Tanca,Kemal Tanca,TANCA
EDESSA,Tamer Tanca,Tamer Tanca,TANCA
EDO,Kemal Tanca,Kemal Tanca,TANCA
EDO,Tamer Tanca,Tamer Tanca,TANCA
EDO,Tnc Luxury,Tnc Luxury,TANCA
EDO,Tnc Sports,Tnc Sports,TANCA
EDO,Valmenti,Valmenti,TANCA
EDT0,Alternatıva,alternatıva,TANCA
EDT0,AMBIRASSIANA,AMBIRSSIANA,TANCA
EDT0,BOAT-DOCK`S,BOAT-DOCK'S,TANCA
EDT0,BOAT-DOCKS,BOAT-DOCKS,TANCA
EDT0,BYBLOS,BYBLOS,TANCA
EDT0,COVERI,COVERI,TANCA
EDT0,CRI.TİVE,CRI.TİVE,TANCA
EDT0,ELENA,ELENA,TANCA
EDT0,E-MOTION,E-MOTION,TANCA
EDT0,FREE,FREE MOD,TANCA
EDT0,FREEMOOD,FREEMOOD,TANCA
EDT0,GINO ROSSI,GINO ROSSI,TANCA
EDT0,HOARD,HOARD,TANCA
EDT0,KAREN LIPPS,KAREN LIPPS,TANCA
EDT0,Kemal Tanca,Kemal Tanca,TANCA
EDT0,MORETTI,MORETTI,TANCA
EDT0,MORETTİ,MORETTİ,TANCA
EDT0,PIA MIA,PIA MIA,TANCA
EDT0,POMPOLI,POMPOLI,TANCA
EDT0,SİENA,SİENA,TANCA
EDT0,V.MATTA,V.MATTA,TANCA
EDT0,VARUK,VARUK,TANCA
EDT0,ZERO DB,ZERO DB,TANCA
EFFECT DERİ,Tamer Tanca,Tamer Tanca,TANCA
EFFEGI,Kemal Tanca,Kemal Tanca,TANCA
EFFTR-ANTRTC,EFFETRE,EFFETRE,TANCA
EFFTR-ANTRTC,Kemal Tanca,Kemal Tanca,TANCA
EFFTR-ANTRTC,Tamer Tanca,Tamer Tanca,TANCA
EFSA AYK,Kemal Tanca,Kemal Tanca,TANCA
EFSA AYK,Tamer Tanca,Tamer Tanca,TANCA
EFSANE AYK,Kemal Tanca,Kemal Tanca,TANCA
EGA AYK,Tamer Tanca,Tamer Tanca,TANCA
EGA AYK,Valmenti,Valmenti,TANCA
EGE NARIN,Kemal Tanca,Kemal Tanca,TANCA
EGEPASS,Kemal Tanca,Kemal Tanca,TANCA
EGEPASS,Tamer Tanca,Tamer Tanca,TANCA
EKİNCİ AYK,Tamer Tanca,Tamer Tanca,TANCA
EKİNCİ AYK,Valmenti,Valmenti,TANCA
EKOL AYK,Kemal Tanca,Kemal Tanca,TANCA
EKSEN,Kemal Tanca,Kemal Tanca,TANCA
ELDE AYK,Tamer Tanca,Tamer Tanca,TANCA
ELDE AYK,Valmenti,Valmenti,TANCA
ELEGANZA,Kemal Tanca,Kemal Tanca,TANCA
ELESA ŞAPKA,KEMAL TANCA,KEMAL TANCA,TANCA
ELESA ŞAPKA,R&V,R&V,TANCA
ELESA ŞAPKA,R&V By Tamer Ta,R&V By Tamer Tanca,TANCA
ELIBOL,Kemal Tanca,Kemal Tanca,TANCA
ELIF CANTA,Kemal Tanca,Kemal Tanca,TANCA
ELIF CANTA,Tamer Tanca,Tamer Tanca,TANCA
ELILE,Kemal Tanca,Kemal Tanca,TANCA
ELİSSE AYK,Tamer Tanca,Tamer Tanca,TANCA
ELİSSE AYK,Valmenti,Valmenti,TANCA
ELİT AYAKKABI,Kemal Tanca,Kemal Tanca,TANCA
ELMA SEKERI,Kemal Tanca,Kemal Tanca,TANCA
ELMA SEKERI,Tamer Tanca,Tamer Tanca,TANCA
ELMAS DERİ,Kemal Tanca,Kemal Tanca,TANCA
ELVERA AYK,Tamer Tanca,Tamer Tanca,TANCA
EMANİ AYK,Kemal Tanca,Kemal Tanca,TANCA
EMANİ AYK,Tamer Tanca,Tamer Tanca,TANCA
EMBOGA AS,EMBOGA AS,HISPANITAS,TANCA
EMBOGA AS,HISPANITAS,HISPANITAS,TANCA
EMEK AYK,Kemal Tanca,Kemal Tanca,TANCA
EMEK AYK,Tamer Tanca,Tamer Tanca,TANCA
EMIN,Kemal Tanca,Kemal Tanca,TANCA
EMİN YILMAZ,Kemal Tanca,Kemal Tanca,TANCA
EMİN YILMAZ,Tamer Tanca,Tamer Tanca,TANCA
EMİNE SEVİM,Tamer Tanca,Tamer Tanca,TANCA
EMİR,Kemal Tanca,Kemal Tanca,TANCA
EMİR,Tamer Tanca,Tamer Tanca,TANCA
EMİR,Valmenti,Valmenti,TANCA
EMİR SAPKA,Kemal Tanca,Kemal Tanca,TANCA
EMRE AYAKKABI,Kemal Tanca,Kemal Tanca,TANCA
EMS AYAKKABI,Kemal Tanca,Kemal Tanca,TANCA
ENDER,Kemal Tanca,Kemal Tanca,TANCA
ENDER,Tamer Tanca,Tamer Tanca,TANCA
ENDER,Tnc Sports,Tnc Sports,TANCA
ENES TOPBAŞ,Kemal Tanca,Kemal Tanca,TANCA
ENGİN DERE AYK,Kemal Tanca,Kemal Tanca,TANCA
ENZO TESOTI,Kemal Tanca,Kemal Tanca,TANCA
ERAY AYK,Valmenti,Valmenti,TANCA
ERAY SALUR,Kemal Tanca,Kemal Tanca,TANCA
ERAY SALUR,Tamer Tanca,Tamer Tanca,TANCA
ERCAN İNAN AYK,Kemal Tanca,Kemal Tanca,TANCA
ERCAN İNAN AYK,Tamer Tanca,Tamer Tanca,TANCA
ERDEM AYK,Kemal Tanca,Kemal Tanca,TANCA
EREN,Kemal Tanca,Kemal Tanca,TANCA
EREN HOLDING,Kemal Tanca,Kemal Tanca,TANCA
ERENI,Kemal Tanca,Kemal Tanca,TANCA
ERGIN,Kemal Tanca,Kemal Tanca,TANCA
ERGUN,Kemal Tanca,Kemal Tanca,TANCA
ERGUN,MYSTIC,MYSTIC,TANCA
ERHAN,Kemal Tanca,Kemal Tanca,TANCA
ERHAN,WESTERN,WESTERN,TANCA
ERHAN CIZMECI,Kemal Tanca,Kemal Tanca,TANCA
ERKAN KUNDURA,Kemal Tanca,Kemal Tanca,TANCA
ERNESTO DOLANI,Kemal Tanca,Kemal Tanca,TANCA
ERPAŞ AYK.,Kemal Tanca,Kemal Tanca,TANCA
ERPAŞ AYK.,Tamer Tanca,Tamer Tanca,TANCA
ERSAN TİC,Kemal Tanca,Kemal Tanca,TANCA
ERSIN,Kemal Tanca,Kemal Tanca,TANCA
ERSIN,Tamer Tanca,Tamer Tanca,TANCA
ERTUNC,Kemal Tanca,Kemal Tanca,TANCA
ESINTI,Kemal Tanca,Kemal Tanca,TANCA
ESINTI,Tamer Tanca,Tamer Tanca,TANCA
ESINTI,Valmenti,Valmenti,TANCA
ESİMOD,Kemal Tanca,Kemal Tanca,TANCA
ESİMOD,Tamer Tanca,Tamer Tanca,TANCA
ESİMOD,Valmenti,Valmenti,TANCA
ESKICI,Kemal Tanca,Kemal Tanca,TANCA
ESMINARE,Kemal Tanca,Kemal Tanca,TANCA
ESRADRILLES,ISLABNITA,ISLABNITA,TANCA
ESSE,Kemal Tanca,Kemal Tanca,TANCA
ESSERE,Kemal Tanca,Kemal Tanca,TANCA
ETERNAL,Kemal Tanca,Kemal Tanca,TANCA
ETERNAL,Tamer Tanca,Tamer Tanca,TANCA
ETERNAL,Valmenti,Valmenti,TANCA
ETHEM,Kemal Tanca,Kemal Tanca,TANCA
ETOR,Kemal Tanca,Kemal Tanca,TANCA
ETOR AYK,Tamer Tanca,Tamer Tanca,TANCA
ETOR AYK,Valmenti,Valmenti,TANCA
EURO,Kemal Tanca,Kemal Tanca,TANCA
EURO-KAP,Kemal Tanca,Kemal Tanca,TANCA
EUROPE,Kemal Tanca,Kemal Tanca,TANCA
EUROSUOLE,WELLFEET,WELLFEET,TANCA
EVALUNA,EVALUNA,Evaluna,TANCA
EVERYMORE,KEMAL TANCA,KEMAL TANCA,TANCA
EVIDA,Kemal Tanca,Kemal Tanca,TANCA
EXPOINT,Kemal Tanca,Kemal Tanca,TANCA
EXTER,Kemal Tanca,Kemal Tanca,TANCA
EXTER,Tamer Tanca,Tamer Tanca,TANCA
EXTER,Tmaer Tanca,Tmaer Tanca,TANCA
EXTON,EXTON,Exton,TANCA
EXTON,Kemal Tanca,Kemal Tanca,TANCA
EXTON,Valmenti,Valmenti,TANCA
EXTRA JURDAN,Kemal Tanca,Kemal Tanca,TANCA
FABCARE,Kemal Tanca,Kemal Tanca,TANCA
FABCARE,Tamer Tanca,Tamer Tanca,TANCA
FABI,Barracuda,Barracuda,TANCA
FABI,Fabi,Fabi,TANCA
FABI,Kemal Tanca,Kemal Tanca,TANCA
FABIA GUISEPPE,Kemal Tanca,Kemal Tanca,TANCA
FABİANNİ AYK.,Kemal Tanca,Kemal Tanca,TANCA
FABİANNİ AYK.,Tamer Tanca,Tamer Tanca,TANCA
FALC,FALC,FALC,TANCA
FALC,Kemal Tanca,Kemal Tanca,TANCA
FAME AYK,Valmenti,Valmenti,TANCA
FAMPER,Kemal Tanca,Kemal Tanca,TANCA
FANTASY,FANTASY SANDALS,FANTASY SANDALS,TANCA
FANTASY,Kemal Tanca,Kemal Tanca,TANCA
FANTASY,Tamer Tanca,Tamer Tanca,TANCA
FANUS,Kemal Tanca,Kemal Tanca,TANCA
FANUS,Tamer Tanca,Tamer Tanca,TANCA
FARACI,Kemal Tanca,Kemal Tanca,TANCA
FARACILER,Kemal Tanca,Kemal Tanca,TANCA
FARFAN AYK,Tamer Tanca,Tamer Tanca,TANCA
FARVE CORAP,Kemal Tanca,Kemal Tanca,TANCA
FARVE CORAP,Tamer Tanca,Tamer Tanca,TANCA
FARVE CORAP,Valmenti,Valmenti,TANCA
FASHION,HARMONT&BLAİNE,HARMONT&BLAİNE,TANCA
FASHION,Kemal Tanca,Kemal Tanca,TANCA
FATIH OKCE,Kemal Tanca,Kemal Tanca,TANCA
FECRI HUNER AYK,Tamer Tanca,Tamer Tanca,TANCA
FELLİNİ,Kemal Tanca,Kemal Tanca,TANCA
FEMINANT,Kemal Tanca,Kemal Tanca,TANCA
FEMME,Kemal Tanca,Kemal Tanca,TANCA
FERRE,Kemal Tanca,Kemal Tanca,TANCA
FERROMEN,Kemal Tanca,Kemal Tanca,TANCA
FERROMEN,Tamer Tanca,Tamer Tanca,TANCA
FERTEK KUMAS,Kemal Tanca,Kemal Tanca,TANCA
FESSURA,FESSURA,FESSURA,TANCA
FESSURA,Kemal Tanca,Kemal Tanca,TANCA
FIANZE,Kemal Tanca,Kemal Tanca,TANCA
FINPROJECT,Kemal Tanca,Kemal Tanca,TANCA
FIOCCO AYK,Kemal Tanca,Kemal Tanca,TANCA
FIORE SASSETTI,Kemal Tanca,Kemal Tanca,TANCA
FISTO,Kemal Tanca,Kemal Tanca,TANCA
FISTO,Tamer Tanca,Tamer Tanca,TANCA
FİDAN AYK,Tamer Tanca,Tamer Tanca,TANCA
FİDAN AYK,Valmenti,Valmenti,TANCA
FJOLLA AYK,Valmenti,Valmenti,TANCA
FLAMINGO,Kemal Tanca,Kemal Tanca,TANCA
FLAMINGO,Studio İtalia,Studio İtalia,TANCA
FLAMINGO,Tamer Tanca,Tamer Tanca,TANCA
FLAMINGO,Tnc Luxury,Tnc Luxury,TANCA
FLAMINGO,Valmenti,Valmenti,TANCA
FLECS,Kemal Tanca,Kemal Tanca,TANCA
FLEXX,Kemal Tanca,Kemal Tanca,TANCA
FLN AYK.,Kemal Tanca,Kemal Tanca,TANCA
FLN AYK.,Tamer Tanca,Tamer Tanca,TANCA
FLOOR AYK,Tamer Tanca,Tamer Tanca,TANCA
FLOOR AYK,Valmenti,Valmenti,TANCA
FLORENCE,Valmenti,Valmenti,TANCA
FLY GRUP,FLY SOFT,FLY SOFT,TANCA
FLY GRUP,Kemal Tanca,Kemal Tanca,TANCA
FLY GRUP,Tamer Tanca,Tamer Tanca,TANCA
FONTİ,Kemal Tanca,Kemal Tanca,TANCA
FOOD PRO,Kemal Tanca,Kemal Tanca,TANCA
FOOD PRO,Tamer Tanca,Tamer Tanca,TANCA
FORELLİ,Kemal Tanca,Kemal Tanca,TANCA
FORGATTO,Kemal Tanca,Kemal Tanca,TANCA
FORGATTO,Tamer Tanca,Tamer Tanca,TANCA
FORGATTO,Valmenti,Valmenti,TANCA
FORM PLASTIK,Kemal Tanca,Kemal Tanca,TANCA
FORNARINA,Fornarina,Fornarina,TANCA
FORNARINA,Kemal Tanca,Kemal Tanca,TANCA
FORSE AYK,Tamer Tanca,Tamer Tanca,TANCA
FORTE,Kemal Tanca,Kemal Tanca,TANCA
FORTE CALZ.,Kemal Tanca,Kemal Tanca,TANCA
FORTIS AYK,Kemal Tanca,Kemal Tanca,TANCA
FORTIS AYK,Tnc Sports,Tnc Sports,TANCA
FOURLİNE,FOURLİNE,Fourline,TANCA
FRANCESCHETTI,Franceschetti,Franceschetti,TANCA
FRANCESCHETTI,Kemal Tanca,Kemal Tanca,TANCA
FRANCESCHETTI,Valmenti,Valmenti,TANCA
FRANCO GABBANI,Franco Gabbari,Franco Gabbari,TANCA
FRANKO ARMONDI,Franko Armondi,Franko Armondi,TANCA
FRANKO ARMONDI,Kemal Tanca,Kemal Tanca,TANCA
FRANKO ARMONDI,Tamer Tanca,Tamer Tanca,TANCA
FRANKO ARMONDI,TNC PLUS,TNC PLUS,TANCA
FRAPAN,Kemal Tanca,Kemal Tanca,TANCA
FRAPAN,Tamer Tanca,Tamer Tanca,TANCA
FRONTONI,Kemal Tanca,Kemal Tanca,TANCA
FUME AYK,Tamer Tanca,Tamer Tanca,TANCA
FUME AYK,Valmenti,Valmenti,TANCA
G&G,G&G,G&G,TANCA
G&G,Kemal Tanca,Kemal Tanca,TANCA
G.CICCIOLI,Kemal Tanca,Kemal Tanca,TANCA
G.F.G. s.r.l.,Kemal Tanca,Kemal Tanca,TANCA
G.F.G. s.r.l.,MIMUSI,MIMUSI,TANCA
GALIZIO TORRESI,GALIZIO TORRESI,GALIZIO TORRESI,TANCA
GALLA,Kemal Tanca,Kemal Tanca,TANCA
GAMA AYK,Kemal Tanca,Kemal Tanca,TANCA
GANZO,Kemal Tanca,Kemal Tanca,TANCA
GARDA ,Kemal Tanca,Kemal Tanca,TANCA
GARTIERO,Kemal Tanca,Kemal Tanca,TANCA
GARVALIN,AGATHA,AGATHA,TANCA
GARVALIN,BIOMECANICS,BIOMECANICS,TANCA
GARVALIN,GARVALIN,GARVALIN,TANCA
GARVALIN,Kemal Tanca,Kemal Tanca,TANCA
GASPARA AYK,Kemal Tanca,Kemal Tanca,TANCA
GAYE AYK,Kemal Tanca,Kemal Tanca,TANCA
GENPA AYK.,Kemal Tanca,Kemal Tanca,TANCA
GENPA AYK.,Tamer Tanca,Tamer Tanca,TANCA
GEOX,Geox,Geox,TANCA
GEPA DERI,Tamer Tanca,Tamer Tanca,TANCA
GEPA DERI,Valmenti,Valmenti,TANCA
GEPETTO,Kemal Tanca,Kemal Tanca,TANCA
GEPETTO,Tamer Tanca,Tamer Tanca,TANCA
GERENİMO,Kemal Tanca,Kemal Tanca,TANCA
GERENİMO,Tamer Tanca,Tamer Tanca,TANCA
GERENİMO,Valmenti,Valmenti,TANCA
GESS,Kemal Tanca,Kemal Tanca,TANCA
GEZER ÇANTA,Tamer Tanca,Tamer Tanca,TANCA
GIA,Kemal Tanca,Kemal Tanca,TANCA
GIA,Tamer Tanca,Tamer Tanca,TANCA
GIA AYK,Valmenti,Valmenti,TANCA
GIAMPAOLO VIOZZ,GIAMPAOLO VIOZZ,GIAMPAOLO VIOZZI,TANCA
GIAMPIERONICOLA,Giampieronicola,Giampiero Nicola,TANCA
GIAMPIERONICOLA,Kemal Tanca,Kemal Tanca,TANCA
GIAMPIERONICOLA,Valmenti,Valmenti,TANCA
GIAN BALDI,Kemal Tanca,Kemal Tanca,TANCA
GIANCARLO PAOLI,Kemal Tanca,Kemal Tanca,TANCA
GIANNI NOTARO,GIANNI NOTARO,GIANNI NOTARO,TANCA
GIARDINI,Kemal Tanca,Kemal Tanca,TANCA
GIM AYK,Kemal Tanca,Kemal Tanca,TANCA
GIM AYK,Tamer Tanca,Tamer Tanca,TANCA
GINNY,Kemal Tanca,Kemal Tanca,TANCA
GIORGIO FABIANI,GIORGIO FABIANI,GIORGIO FABIANI,TANCA
GIOVANNI FABIAN,Giovanni Fabian,Giovanni Fabian,TANCA
GIOVANNI FABIAN,Kemal Tanca,Kemal Tanca,TANCA
GIUDI,GIUDI,GIUDI,TANCA
GIUDI,Kemal Tanca,Kemal Tanca,TANCA
GLADYATOR,Kemal Tanca,Kemal Tanca,TANCA
GLASS ÇANTA,Tamer Tanca,Tamer Tanca,TANCA
GLASS ÇANTA,Valmenti,Valmenti,TANCA
GLORIA,Kemal Tanca,Kemal Tanca,TANCA
GNV,Kemal Tanca,Kemal Tanca,TANCA
GNV,WE ARE,WE ARE,TANCA
GO GO MARTİNİ,Kemal Tanca,Kemal Tanca,TANCA
GO GO MARTİNİ,Tamer Tanca,Tamer Tanca,TANCA
GO GO MARTİNİ,Valmenti,Valmenti,TANCA
GOKKUSAGI,Kemal Tanca,Kemal Tanca,TANCA
GOKSU AYK,Tamer Tanca,Tamer Tanca,TANCA
GOL AYAKKABI,Kemal Tanca,Kemal Tanca,TANCA
GOLD BROTHERS,Kemal Tanca,Kemal Tanca,TANCA
GOLDEN POLO,Tamer Tanca,Tamer Tanca,TANCA
GOLDMEN AYK,Valmenti,Valmenti,TANCA
GOMMER,Kemal Tanca,Kemal Tanca,TANCA
GOMMUS,GOMMUS,GOMMUS,TANCA
GOOVER,Kemal Tanca,Kemal Tanca,TANCA
GOZDE AYK.,Kemal Tanca,Kemal Tanca,TANCA
GOZDE CORAP,Kemal Tanca,Kemal Tanca,TANCA
GOZDE CORAP,Tamer Tanca,Tamer Tanca,TANCA
GOZDE CORAP,Valmenti,Valmenti,TANCA
GOZEGIR,Kemal Tanca,Kemal Tanca,TANCA
GÖKÇE AYK,Tamer Tanca,Tamer Tanca,TANCA
GÖKÇE AYK,Valmenti,Valmenti,TANCA
GÖN DERİ,Kemal Tanca,Kemal Tanca,TANCA
GÖZDE AYK.,Kemal Tanca,Kemal Tanca,TANCA
GÖZDEM DERİ,Kemal Tanca,Kemal Tanca,TANCA
GRADA AYK,Tamer Tanca,Tamer Tanca,TANCA
GRANDE LUCE,Tamer Tanca,Tamer Tanca,TANCA
GRANIT,Kemal Tanca,Kemal Tanca,TANCA
GRANIT,Tamer Tanca,Tamer Tanca,TANCA
GRASS,Kemal Tanca,Kemal Tanca,TANCA
GRITTI AY.,Kemal Tanca,Kemal Tanca,TANCA
GRITTI AY.,Tamer Tanca,Tamer Tanca,TANCA
GRITTI AY.,Tnc Luxury,Tnc Luxury,TANCA
GRITTI AY.,Valmenti,Valmenti,TANCA
GROTTO,Kemal Tanca,Kemal Tanca,TANCA
GROUP,Kemal Tanca,Kemal Tanca,TANCA
GRUPO SUTORIA,Kemal Tanca,Kemal Tanca,TANCA
GRUPO SUTORIA,NICE MESS,NICE MESS,TANCA
GSA SAAT,ARMANI,ARMANI,TANCA
GSA SAAT,Kemal Tanca,Kemal Tanca,TANCA
GUARD ÇANTA,Tamer Tanca,Tamer Tanca,TANCA
GUARD ÇANTA,Valmenti,Valmenti,TANCA
GUARDIANI,Kemal Tanca,Kemal Tanca,TANCA
GUJA,Guja,Guja,TANCA
GULAL,Kemal Tanca,Kemal Tanca,TANCA
GULARAY,Kemal Tanca,Kemal Tanca,TANCA
GULMEZ,Kemal Tanca,Kemal Tanca,TANCA
GUN BEBE,Kemal Tanca,Kemal Tanca,TANCA
GUN BEBE,Tamer Tanca,Tamer Tanca,TANCA
GUNAYDIN AYK,Kemal Tanca,Kemal Tanca,TANCA
GUNDE AYK,Kemal Tanca,Kemal Tanca,TANCA
GUNESAY,Kemal Tanca,Kemal Tanca,TANCA
GURKAN,Kemal Tanca,Kemal Tanca,TANCA
GUTAN,Kemal Tanca,Kemal Tanca,TANCA
GUTAN,Tamer Tanca,Tamer Tanca,TANCA
GUZINI,Kemal Tanca,Kemal Tanca,TANCA
GUZINI,Tamer Tanca,Tamer Tanca,TANCA
GUZINI,Valmenti,Valmenti,TANCA
GÜLEN BEBE,Kemal Tanca,Kemal Tanca,TANCA
GÜLEN BEBE,Tamer Tanca,Tamer Tanca,TANCA
GÜMÜŞ KEMER,Tamer Tanca,Tamer Tanca,TANCA
GÜMÜŞ KEMER,Valmenti,Valmenti,TANCA
GÜNDEN,Kemal Tanca,Kemal Tanca,TANCA
GÜNDEN,Valmenti,Valmenti,TANCA
H.B.SHOE CLUB,Kemal Tanca,Kemal Tanca,TANCA
HACIOGLU AYK,Tamer Tanca,Tamer Tanca,TANCA
HAFFAF,KEMAL TANCA,KEMAL TANCA,TANCA
HAKAN CANTA,Kemal Tanca,Kemal Tanca,TANCA
HAKER,Kemal Tanca,Kemal Tanca,TANCA
HAKKI,Kemal Tanca,Kemal Tanca,TANCA
HALDUN AYK,Kemal Tanca,Kemal Tanca,TANCA
HAMLEBIR,Kemal Tanca,Kemal Tanca,TANCA
HAMMER JACK,Kemal Tanca,Kemal Tanca,TANCA
HANEDAN AYK,Tamer Tanca,Tamer Tanca,TANCA
HAPPY SOCKS,Kemal Tanca,Kemal Tanca,TANCA
HAPPYMAN AYK,Tamer Tanca,Tamer Tanca,TANCA
HAPPYMAN AYK,Valmenti,Valmenti,TANCA
HARLEY,Kemal Tanca,Kemal Tanca,TANCA
HARLI,Kemal Tanca,Kemal Tanca,TANCA
HARLI,Tamer Tanca,Tamer Tanca,TANCA
HARMONT & BLAIN,Harmont & Blain,Harmont & Blaine,TANCA
HARRIS,Kemal Tanca,Kemal Tanca,TANCA
HASEM AYK.,Kemal Tanca,Kemal Tanca,TANCA
HASEM AYK.,Tamer Tanca,Tamer Tanca,TANCA
HATIPOGLU,Kemal Tanca,Kemal Tanca,TANCA
HATIPOGLU,VAGABOND,VAGABOND,TANCA
HCS,Kemal Tanca,Kemal Tanca,TANCA
HD AYK,Tamer Tanca,Tamer Tanca,TANCA
HELENA,Kemal Tanca,Kemal Tanca,TANCA
HELENA,Tamer Tanca,Tamer Tanca,TANCA
HELENA,Valmenti,Valmenti,TANCA
HELI METAL,Kemal Tanca,Kemal Tanca,TANCA
HEMKON,Kemal Tanca,Kemal Tanca,TANCA
HEMKON,Tamer Tanca,Tamer Tanca,TANCA
HERA,Kemal Tanca,Kemal Tanca,TANCA
HEROS CALZATURE,Giorgio,Giorgio,TANCA
HEROS CALZATURE,Kemal Tanca,Kemal Tanca,TANCA
HEVİBAGS ÇANTA,Tamer Tanca,Tamer Tanca,TANCA
HEVSEL DERI,Kemal Tanca,Kemal Tanca,TANCA
HEY DUDE,Hey Dude,Hey Dude,TANCA
HEY DUDE,Kemal Tanca,Kemal Tanca,TANCA
HILAL,Kemal Tanca,Kemal Tanca,TANCA
HINIS,Tamer Tanca,Tamer Tanca,TANCA
HIREJ,Kemal Tanca,Kemal Tanca,TANCA
HISPANITAS,HISPANITAS,HISPANITAS,TANCA
HIWAY,Tamer Tanca,Tamer Tanca,TANCA
HUGO BOSS,Hugo Boss,Hugo Boss,TANCA
HUGO BOSS,Kemal Tanca,Kemal Tanca,TANCA
HUMES AYK,Tamer Tanca,Tamer Tanca,TANCA
HUNCA,Kemal Tanca,Kemal Tanca,TANCA
HUNCA,Tamer Tanca,Tamer Tanca,TANCA
HUSEYIN USTA,Kemal Tanca,Kemal Tanca,TANCA
HÜDAVERDİ,Kemal Tanca,Kemal Tanca,TANCA
ICBERG,Iceberg,Iceberg,TANCA
ICONE,Kemal Tanca,Kemal Tanca,TANCA
IDOL,Kemal Tanca,Kemal Tanca,TANCA
ILBEY,Kemal Tanca,Kemal Tanca,TANCA
ILKADIM,Kemal Tanca,Kemal Tanca,TANCA
ILKAY KUNDURA,Kemal Tanca,Kemal Tanca,TANCA
ILLICE,CONGUITOS,CONGUITOS,TANCA
ILLICE,FRESAS,FRESAS,TANCA
IMAC,İmac,İmac,TANCA
IMREN,Kemal Tanca,Kemal Tanca,TANCA
INCEEFE,Kemal Tanca,Kemal Tanca,TANCA
INCEEFE,Tamer Tanca,Tamer Tanca,TANCA
INCEEFE,Tnc Luxury,Tnc Luxury,TANCA
INCEEFE,Valmenti,Valmenti,TANCA
INCIM,Kemal Tanca,Kemal Tanca,TANCA
INNOVA,Kemal Tanca,Kemal Tanca,TANCA
INNUE,INNUE,INNUE,TANCA
IPR,IPR,IPR,TANCA
ISABEL,Kemal Tanca,Kemal Tanca,TANCA
ISABEL,Tamer Tanca,Tamer Tanca,TANCA
ISABEL,Valmenti,Valmenti,TANCA
ISLABNITA,Islabnita,Islabnita,TANCA
ITALTACCO,ITALTACCO,ITALTACCO,TANCA
İKBAL,Kemal Tanca,Kemal Tanca,TANCA
İKİZLER,CARLO ROSSI,CARLO ROSSI,TANCA
İKİZLER,Kemal Tanca,Kemal Tanca,TANCA
İKİZLER,Tamer Tanca,Tamer Tanca,TANCA
İKİZLER,TAXİ,TAXİ,TANCA
İKİZLER,Valmenti,Valmenti,TANCA
İKİZLER,WALKWAY,WALKWAY,TANCA
İLYAS KUND,Kemal Tanca,Kemal Tanca,TANCA
İNAN AYK.,Kemal Tanca,Kemal Tanca,TANCA
İZ AYK,Tamer Tanca,Tamer Tanca,TANCA
İZ AYK,Valmenti,Valmenti,TANCA
JACKAL,Jackal,Jackal,TANCA
JACKAL,Kemal Tanca,Kemal Tanca,TANCA
JEANNOT,Jeannot,Jeannot,TANCA
JEANNOT,Kemal Tanca,Kemal Tanca,TANCA
JİESSİ AYK,Tamer Tanca,Tamer Tanca,TANCA
JİESSİ AYK,Valmenti,Valmenti,TANCA
JOG DOG,Kemal Tanca,Kemal Tanca,TANCA
JONITA,Kemal Tanca,Kemal Tanca,TANCA
JOSE FERRANDEZ,Kemal Tanca,Kemal Tanca,TANCA
JOY ÇANTA,Tamer Tanca,Tamer Tanca,TANCA
JUANA LLOP,Juana Llop,Juana Llop,TANCA
JUANA LLOP,Kemal Tanca,Kemal Tanca,TANCA
JUST CAVALLİ,Just Cavalli,Just Cavalli,TANCA
K.B AYAKKABI,Kemal Tanca,Kemal Tanca,TANCA
K.B AYAKKABI,Tamer Tanca,Tamer Tanca,TANCA
K.B AYAKKABI,Valmenti,Valmenti,TANCA
KAB,Kemal Tanca,Kemal Tanca,TANCA
KALİ BAGS,Tamer Tanca,Tamer Tanca,TANCA
KANGROO,Kemal Tanca,Kemal Tanca,TANCA
KANİ USTA,Tamer Tanca,Tamer Tanca,TANCA
KANNA,KANNA,KANNA,TANCA
KANYON SPOR,Kemal Tanca,Kemal Tanca,TANCA
KAPLAN AYK,Tamer Tanca,Tamer Tanca,TANCA
KAPLAN AYK,Valmenti,Valmenti,TANCA
KAPLANLAR AYK,Kemal Tanca,Kemal Tanca,TANCA
KAPLANLAR AYK,Tamer Tanca,Tamer Tanca,TANCA
KAPTANLAR,Tamer Tanca,Tamer Tanca,TANCA
KAPTANLAR,Tnc Luxury,Tnc Luxury,TANCA
KAR,Kemal Tanca,Kemal Tanca,TANCA
KARABACAK AYK,Valmenti,Valmenti,TANCA
KARACA,B&W,B&W,TANCA
KARACA,Kemal Tanca,Kemal Tanca,TANCA
KARAR AYK,Kemal Tanca,Kemal Tanca,TANCA
KARAR AYK,Valmenti,Valmenti,TANCA
KARBEL,Kemal Tanca,Kemal Tanca,TANCA
KARETTA,Kemal Tanca,Kemal Tanca,TANCA
KARRETA,Kemal Tanca,Kemal Tanca,TANCA
KARYA ÇANTA,Tamer Tanca,Tamer Tanca,TANCA
KASIM KURT AYK,Valmenti,Valmenti,TANCA
KATE,Kemal Tanca,Kemal Tanca,TANCA
KAVSAN,Kemal Tanca,Kemal Tanca,TANCA
KAYA SAAT,Kemal Tanca,Kemal Tanca,TANCA
KAYAŞLAR,Kemal Tanca,Kemal Tanca,TANCA
KAZAN AYK,Kemal Tanca,Kemal Tanca,TANCA
KEMER,Kemal Tanca,Kemal Tanca,TANCA
KEMERALTI,Tamer Tanca,Tamer Tanca,TANCA
KEMERIST,Kemal Tanca,Kemal Tanca,TANCA
KEMERIST,Tamer Tanca,Tamer Tanca,TANCA
KENAR AYK,Kemal Tanca,Kemal Tanca,TANCA
KENDO AYK,Valmenti,Valmenti,TANCA
KEY MOVE,Kemal Tanca,Kemal Tanca,TANCA
KIMTEX,Kemal Tanca,Kemal Tanca,TANCA
KING GOLD,Kemal Tanca,Kemal Tanca,TANCA
KING PAOLO,Kemal Tanca,Kemal Tanca,TANCA
KIRMIZI AYK,Tamer Tanca,Tamer Tanca,TANCA
KIRMIZI AYK,Valmenti,Valmenti,TANCA
KISAS,Kemal Tanca,Kemal Tanca,TANCA
KLAS AYAKK,Kemal Tanca,Kemal Tanca,TANCA
KNB AYK,Kemal Tanca,Kemal Tanca,TANCA
KNB AYK,Tamer Tanca,Tamer Tanca,TANCA
KOBAKO,Kemal Tanca,Kemal Tanca,TANCA
KOCA AYK,Kemal Tanca,Kemal Tanca,TANCA
KOCA AYK,Tamer Tanca,Tamer Tanca,TANCA
KOCA AYK,Valmenti,Valmenti,TANCA
KOCAGUN,Kemal Tanca,Kemal Tanca,TANCA
KOÇEL AYK.,Kemal Tanca,Kemal Tanca,TANCA
KOIL,Kemal Tanca,Kemal Tanca,TANCA
KOLEKSIYON KSKL,Kemal Tanca,Kemal Tanca,TANCA
KOLIDEN,Kemal Tanca,Kemal Tanca,TANCA
KOLLEGA,KEMAL TANCA,KEMAL TANCA,TANCA
KOMÇERO,Kemal Tanca,Kemal Tanca,TANCA
KOMÇERO,Tamer Tanca,Tamer Tanca,TANCA
KOMÇERO,TNC PLUS,TNC PLUS,TANCA
KOMÇERO,Valmenti,Valmenti,TANCA
KONDAL,Kemal Tanca,Kemal Tanca,TANCA
KORAY SPOR,GRISPORT,GRISPORT,TANCA
KORAY SPOR,Kemal Tanca,Kemal Tanca,TANCA
KOŞAK,Kemal Tanca,Kemal Tanca,TANCA
KOŞAK,Tamer Tanca,Tamer Tanca,TANCA
KOZA AYAKKABI,Kemal Tanca,Kemal Tanca,TANCA
KÖK AYK,Kemal Tanca,Kemal Tanca,TANCA
KÖK AYK,Tamer Tanca,Tamer Tanca,TANCA
KÖPRÜ AYK,Tamer Tanca,Tamer Tanca,TANCA
KÖPRÜ AYK,Valmenti,Valmenti,TANCA
KÖYÜM,Kemal Tanca,Kemal Tanca,TANCA
KREPS,Kemal Tanca,Kemal Tanca,TANCA
KRISTAL (RELAX),Kemal Tanca,Kemal Tanca,TANCA
KRISTAL (RELAX),Tamer Tanca,Tamer Tanca,TANCA
KRISTAL (RELAX),Tnc Luxury,Tnc Luxury,TANCA
KRISTAL (RELAX),Valmenti,Valmenti,TANCA
KROKODIL,Kemal Tanca,Kemal Tanca,TANCA
KUĞU AYK,Kemal Tanca,Kemal Tanca,TANCA
KUOJA,Tamer Tanca,Tamer Tanca,TANCA
KUOJA,Valmenti,Valmenti,TANCA
KURBAN DERI,Kemal Tanca,Kemal Tanca,TANCA
KUZENLER,Kemal Tanca,Kemal Tanca,TANCA
KUZENLER,Tamer Tanca,Tamer Tanca,TANCA
KUZENLER,Valmenti,Valmenti,TANCA
KUZUNAY AYK,K,Kemal Tanca,TANCA
KUZUNAY AYK,Kemal Tanca,Kemal Tanca,TANCA
LA FABI AYK,Valmenti,Valmenti,TANCA
LA MARQUE,Kemal Tanca,Kemal Tanca,TANCA
LA PIA AYK,Tamer Tanca,Tamer Tanca,TANCA
LABEL,Kemal Tanca,Kemal Tanca,TANCA
LADY DIVA,Lady Diva,Lady Diva,TANCA
LAIPE,Cromia,Cromia,TANCA
LAIPE,Ermanno,Ermanno,TANCA
LAIPE,Plein Sport,Plein Sport,TANCA
LAMARTHE,Kemal Tanca,Kemal Tanca,TANCA
LAMASAT AYK.,Kemal Tanca,Kemal Tanca,TANCA
LAMASAT AYK.,Tamer Tanca,Tamer Tanca,TANCA
LAMASAT AYK.,Valmenti,Valmenti,TANCA
LANCIO,LANCIO,LANCIO,TANCA
LANCİO,LANCİO,LANCİO,TANCA
LASER,Kemal Tanca,Kemal Tanca,TANCA
LASER,Tamer Tanca,Tamer Tanca,TANCA
LAZAMANI,Lazamani,Lazamani,TANCA
LAZİO AYK,Tamer Tanca,Tamer Tanca,TANCA
LAZİO AYK,Valmenti,Valmenti,TANCA
LEFT-RIGHT,Kemal Tanca,Kemal Tanca,TANCA
LEMON JELLY,Kemal Tanca,Kemal Tanca,TANCA
LEMON JELLY,Lemon jelly,Lemon jelly,TANCA
LEO AYK,Valmenti,Valmenti,TANCA
LEON POSTİGO,Kemal Tanca,Kemal Tanca,TANCA
LETIZIA FERRARI,Kemal Tanca,Kemal Tanca,TANCA
LEVENT AKSIN,Kemal Tanca,Kemal Tanca,TANCA
LEVENT AKSIN,Tamer Tanca,Tamer Tanca,TANCA
LEVENT AYK,Kemal Tanca,Kemal Tanca,TANCA
LEVENT AYK,Tanca Plus,Tanca Plus,TANCA
LEVENT TANCA,Kemal Tanca,Kemal Tanca,TANCA
LEVENT'S,Kemal Tanca,Kemal Tanca,TANCA
LIBA AYK,Kemal Tanca,Kemal Tanca,TANCA
LIBA AYK,Tamer Tanca,Tamer Tanca,TANCA
LIBA AYK,Valmenti,Valmenti,TANCA
LIDO MARINOZZI,Kemal Tanca,Kemal Tanca,TANCA
LIEONELLE,Kemal Tanca,Kemal Tanca,TANCA
LIGER AYK,Kemal Tanca,Kemal Tanca,TANCA
LIGER AYK,Tnc Sports,Tnc Sports,TANCA
LIMAR,Kemal Tanca,Kemal Tanca,TANCA
LIMAR,Tamer Tanca,Tamer Tanca,TANCA
LIMAR,Valmenti,Valmenti,TANCA
LIMONTA,Kemal Tanca,Kemal Tanca,TANCA
LINDO,Kemal Tanca,Kemal Tanca,TANCA
LION DERI,Kemal Tanca,Kemal Tanca,TANCA
LISELI CERCI,Kemal Tanca,Kemal Tanca,TANCA
LIU JO,Kemal Tanca,Kemal Tanca,TANCA
LIU JO,Liu jo,Liu jo,TANCA
LİBERO,Kemal Tanca,Kemal Tanca,TANCA
LİBERO,Tamer Tanca,Tamer Tanca,TANCA
LİBERO,Tnc Luxury,Tnc Luxury,TANCA
LİBERO,Valmenti,Valmenti,TANCA
LİDER ÇERÇİ,Kemal Tanca,Kemal Tanca,TANCA
LİDER ÇERÇİ,Tamer Tanca,Tamer Tanca,TANCA
LOLA,Kemal Tanca,Kemal Tanca,TANCA
LONAR,Kemal Tanca,Kemal Tanca,TANCA
LONAR,Tamer Tanca,Tamer Tanca,TANCA
LORENZI,Kemal Tanca,Kemal Tanca,TANCA
LORIBLU,Kemal Tanca,Kemal Tanca,TANCA
LORIBLU,Loriblu,Loriblu,TANCA
LOTA,Kemal Tanca,Kemal Tanca,TANCA
LOTTINI,Kemal Tanca,Kemal Tanca,TANCA
LOTUS,Kemal Tanca,Kemal Tanca,TANCA
LTANCA,Kemal Tanca,Kemal Tanca,TANCA
LUCA CHILDREN,LUCA CHILDREN,LUCA CHILDREN,TANCA
LUCA STEFANI,Kemal Tanca,Kemal Tanca,TANCA
LUCAGUERRINI,Kemal Tanca,Kemal Tanca,TANCA
LUCAGUERRINI,Lucaguerrini,Lucaguerrini,TANCA
LUCİBELLA,Kemal Tanca,Kemal Tanca,TANCA
LUCİBELLA,Tamer Tanca,Tamer Tanca,TANCA
LUFIAN,Kemal Tanca,Kemal Tanca,TANCA
LUKKA AYK,Valmenti,Valmenti,TANCA
LUKS AYK,Kemal Tanca,Kemal Tanca,TANCA
LUKS AYK,Tamer Tanca,Tamer Tanca,TANCA
LUX,Kemal Tanca,Kemal Tanca,TANCA
M.SHOES,Kemal Tanca,Kemal Tanca,TANCA
M001,Kemal Tanca,Kemal Tanca,TANCA
MAC COLLECTON,Kemal Tanca,Kemal Tanca,TANCA
MACHOSEN,Kemal Tanca,Kemal Tanca,TANCA
MAG AYK,Kemal Tanca,Kemal Tanca,TANCA
MAK AYK,Tamer Tanca,Tamer Tanca,TANCA
MAK AYK,Valmenti,Valmenti,TANCA
MAKI UEHARA,Kemal Tanca,Kemal Tanca,TANCA
MAKRIS,Kemal Tanca,Kemal Tanca,TANCA
MAKRIS,Makris,Makris,TANCA
MALASPINA,MALASPINA,MALASPINA,TANCA
MALASPINA,tamer tanca,tamer tanca,TANCA
MALİK AYK,Tamer Tanca,Tamer Tanca,TANCA
MAN CHEONG,Kemal Tanca,Kemal Tanca,TANCA
MANAS,Kemal Tanca,Kemal Tanca,TANCA
MANAS,MANAS,MANAS,TANCA
MANIA,Kemal Tanca,Kemal Tanca,TANCA
MAPI,Kemal Tanca,Kemal Tanca,TANCA
MARBELLA AYK,Tamer Tanca,Tamer Tanca,TANCA
MARBELLA AYK,Valmenti,Valmenti,TANCA
MARCATELLİ,Kemal Tanca,Kemal Tanca,TANCA
MARCELLO,Kemal Tanca,Kemal Tanca,TANCA
MARCO BELLİNİ,Kemal Tanca,Kemal Tanca,TANCA
MARCO BELLİNİ,Tamer Tanca,Tamer Tanca,TANCA
MARCO BELLİNİ,Valmenti,Valmenti,TANCA
MARCO BENETTI,Kemal Tanca,Kemal Tanca,TANCA
MARCO BENETTI,Tamer Tanca,Tamer Tanca,TANCA
MARCO BENETTI,TANCA PLUS,Tanca Plus,TANCA
MARCO BENETTI,Valmenti,Valmenti,TANCA
MARCOMEN,Kemal Tanca,Kemal Tanca,TANCA
MARCOMEN,Tamer Tanca,Tamer Tanca,TANCA
MARCOMEN,Tnc Sports,Tnc Sports,TANCA
MARCOMEN,Valmenti,Valmenti,TANCA
MARCOPINI,Tamer Tanca,Tamer Tanca,TANCA
MARE,Kemal Tanca,Kemal Tanca,TANCA
MARHCA,Kemal Tanca,Kemal Tanca,TANCA
MARHCA,Tamer Tanca,Tamer Tanca,TANCA
MARIA CHROUSALA,.,,TANCA
MARIA CHROUSALA,Kemal Tanca,Kemal Tanca,TANCA
MARINA MILITARE,Kemal Tanca,Kemal Tanca,TANCA
MARINE SHOES,Kemal Tanca,Kemal Tanca,TANCA
MARINE SHOES,Tamer Tanca,Tamer Tanca,TANCA
MARINELLI,Kemal Tanca,Kemal Tanca,TANCA
MARIO BRUNI,Kemal Tanca,Kemal Tanca,TANCA
MARIO BRUNI,MARIO BRUNI,Mario Bruni,TANCA
MARIO FAGNI,Kemal Tanca,Kemal Tanca,TANCA
MARIO FAGNI,Mario Fagni,Mario Fagni,TANCA
MARIO VALENTINO,Mario Valentino,Mario Valentino,TANCA
MARİO CENTİLE,Tamer Tanca,Tamer Tanca,TANCA
MARKA PARK,Kemal Tanca,Kemal Tanca,TANCA
MARKO BELLI,Kemal Tanca,Kemal Tanca,TANCA
MARKO BELLINI,Kemal Tanca,Kemal Tanca,TANCA
MARKO BELLİNİ,Kemal Tanca,Kemal Tanca,TANCA
MARMARA AYK,Kemal Tanca,Kemal Tanca,TANCA
MARZETTİ,MARZETTİ,MARZETTİ,TANCA
MARZETTİ,Valmenti,Valmenti,TANCA
MAS AYAKKABI,Kemal Tanca,Kemal Tanca,TANCA
MASCOT,Kemal Tanca,Kemal Tanca,TANCA
MASS AYK,Tamer Tanca,Tamer Tanca,TANCA
MASS AYK,Valmenti,Valmenti,TANCA
MATİLDA ÇANTA,Tamer Tanca,Tamer Tanca,TANCA
MAVİ,Kemal Tanca,Kemal Tanca,TANCA
MAXIMINO AYK,Valmenti,Valmenti,TANCA
MAYA,Kemal Tanca,Kemal Tanca,TANCA
M-COLLETION,Kemal Tanca,Kemal Tanca,TANCA
MCS,Kemal Tanca,Kemal Tanca,TANCA
MÇC VALİZ,Tamer Tanca,Tamer Tanca,TANCA
MÇS VALİZ,Tamer Tanca,Tamer Tanca,TANCA
MDS,Kemal Tanca,Kemal Tanca,TANCA
ME SA SAPKA,Kemal Tanca,Kemal Tanca,TANCA
ME SA SAPKA,Tamer Tanca,Tamer Tanca,TANCA
ME SA SAPKA,Valmenti,Valmenti,TANCA
MEDENI,Kemal Tanca,Kemal Tanca,TANCA
MEDENI,Tamer Tanca,Tamer Tanca,TANCA
MEFI DERI,Kemal Tanca,Kemal Tanca,TANCA
MEHMET CANDOGAN,Kemal Tanca,Kemal Tanca,TANCA
MEHMET GULER,Kemal Tanca,Kemal Tanca,TANCA
MEHMET ONAL,Kemal Tanca,Kemal Tanca,TANCA
MEHMET SAĞLAM,Tamer Tanca,Tamer Tanca,TANCA
MELANIA,Kemal Tanca,Kemal Tanca,TANCA
MELDA AYK,Kemal Tanca,Kemal Tanca,TANCA
MELDA AYK,Tamer Tanca,Tamer Tanca,TANCA
MELDA AYK,Valmenti,Valmenti,TANCA
MELDYMOOR,Kemal Tanca,Kemal Tanca,TANCA
MELEK AYK,Tamer Tanca,Tamer Tanca,TANCA
MELINE,MELINE,Méliné,TANCA
MELVIN&HAMILTON,Kemal Tanca,Kemal Tanca,TANCA
MELVIN&HAMILTON,Melvin&Hamilton,Melvin&Hamilton,TANCA
MEMORY AYK,Kemal Tanca,Kemal Tanca,TANCA
MENBUR,Kemal Tanca,Kemal Tanca,TANCA
MENDL AYK,Kemal Tanca,Kemal Tanca,TANCA
MENGHI,Menghi,Menghi,TANCA
MENURA AYK,Kemal Tanca,Kemal Tanca,TANCA
MERCURI,Kemal Tanca,Kemal Tanca,TANCA
MERSAN,Kemal Tanca,Kemal Tanca,TANCA
MERT COMFORT AY,Tamer Tanca,Tamer Tanca,TANCA
MERTIM,Kemal Tanca,Kemal Tanca,TANCA
MERTIM,Tamer Tanca,Tamer Tanca,TANCA
MERTIM,Valmenti,Valmenti,TANCA
MERVE AYK,Kemal Tanca,Kemal Tanca,TANCA
MERVE KRTSY,Kemal Tanca,Kemal Tanca,TANCA
MESSI,Kemal Tanca,Kemal Tanca,TANCA
MESSI,Tamer Tanca,Tamer Tanca,TANCA
META,Kemal Tanca,Kemal Tanca,TANCA
META,Tamer Tanca,Tamer Tanca,TANCA
META,Valmenti,Valmenti,TANCA
METİN AYK.,Kemal Tanca,Kemal Tanca,TANCA
METİN AYK.,Tamer Tanca,Tamer Tanca,TANCA
METİN AYK.,TNC Luxury,TNC Luxury,TANCA
METİN AYK.,Valmenti,Valmenti,TANCA
METOD,Kemal Tanca,Kemal Tanca,TANCA
METOD,Tamer Tanca,Tamer Tanca,TANCA
MFS AYK,Kemal Tanca,Kemal Tanca,TANCA
MFS AYK,Tamer Tanca,Tamer Tanca,TANCA
MFS AYK,Valmenti,Valmenti,TANCA
MICHAEL KORS,MICHAEL KORS,MICHAEL KORS,TANCA
MICHAEL KORS,Michael Kors,Michael Kors,TANCA
MIETTA AYK,Tamer Tanca,Tamer Tanca,TANCA
MIEZKO,Kemal Tanca,Kemal Tanca,TANCA
MIGUEL VIERA,Kemal Tanca,Kemal Tanca,TANCA
MIGUEL VIERA,Miguel Viera,Miguel Viera,TANCA
MINI ANGEL,Kemal Tanca,Kemal Tanca,TANCA
MINIMEN,Kemal Tanca,Kemal Tanca,TANCA
MINIPA,Kemal Tanca,Kemal Tanca,TANCA
MIRAGE,Mirage,Mirage,TANCA
MİKA AYK,Valmenti,Valmenti,TANCA
MİNİ LADY,Kemal Tanca,Kemal Tanca,TANCA
MİNİBERRA,Kemal Tanca,Kemal Tanca,TANCA
MİNİK AFACAN,Kemal Tanca,Kemal Tanca,TANCA
MİRA,Kemal Tanca,Kemal Tanca,TANCA
MİRA SHOES,Kemal Tanca,Kemal Tanca,TANCA
MİRELLA AYK,Kemal Tanca,Kemal Tanca,TANCA
MİRELLA AYK,Tamer Tanca,Tamer Tanca,TANCA
mis kunY,Kemal Tanca,Kemal Tanca,TANCA
MİSA ÇANTA,Kemal Tanca,Kemal Tanca,TANCA
MİSA ÇANTA,Tamer Tanca,Tamer Tanca,TANCA
MİSA ÇANTA,Valmenti,Valmenti,TANCA
MİSS GABBY AYK,Tamer Tanca,Tamer Tanca,TANCA
MİSS LİZA,Tamer Tanca,Tamer Tanca,TANCA
MİSS ROY AYK,Tamer Tanca,Tamer Tanca,TANCA
MİSS ROY AYK,Valmenti,Valmenti,TANCA
MJUS,Kemal Tanca,Kemal Tanca,TANCA
MOCASINES,Valmenti,Valmenti,TANCA
MODASHOV,Kemal Tanca,Kemal Tanca,TANCA
MODDA AYK,Kemal Tanca,Kemal Tanca,TANCA
MODE,Kemal Tanca,Kemal Tanca,TANCA
MODE,OHANNES,OHANNES,TANCA
MODE DAISY,Kemal Tanca,Kemal Tanca,TANCA
MODELLE COLECTI,Kemal Tanca,Kemal Tanca,TANCA
MODELLE COLECTI,Tanca Plus,Tanca Plus,TANCA
MODESSO,Kemal Tanca,Kemal Tanca,TANCA
MOKAS,Kemal Tanca,Kemal Tanca,TANCA
MOLİ CANTA,Kemal Tanca,Kemal Tanca,TANCA
MOLY BESA AYK,Tamer Tanca,Tamer Tanca,TANCA
MOLY BESA AYK,Valmenti,Valmenti,TANCA
MOLY CAS AYK,Valmenti,Valmenti,TANCA
MOLYER,Kemal Tanca,Kemal Tanca,TANCA
MOLYER,Tamer Tanca,Tamer Tanca,TANCA
MOLYER,Valmenti,Valmenti,TANCA
MON AYK,Kemal Tanca,Kemal Tanca,TANCA
MON AYK,Tamer Tanca,Tamer Tanca,TANCA
MON AYK,Valmenti,Valmenti,TANCA
MONE AYK,Tamer Tanca,Tamer Tanca,TANCA
MONE AYK,Valmenti,Valmenti,TANCA
MONLINE AYK,KEMAL TANCA,KEMAL TANCA,TANCA
MONTANA,Kemal Tanca,Kemal Tanca,TANCA
MOOD LEATHER,Kemal Tanca,Kemal Tanca,TANCA
MOOD LEATHER,Tamer Tanca,Tamer Tanca,TANCA
MOON FLOWER,Kemal Tanca,Kemal Tanca,TANCA
MORANDI,Kemal Tanca,Kemal Tanca,TANCA
MORESCHI,Kemal Tanca,Kemal Tanca,TANCA
MOSCHINO,Kemal Tanca,Kemal Tanca,TANCA
MOSCHINO,Moschino,Moschino,TANCA
MOSHINO,Kemal Tanca,Kemal Tanca,TANCA
MTU AYAKKABI,Kemal Tanca,Kemal Tanca,TANCA
MTU AYAKKABI,Tamer Tanca,Tamer Tanca,TANCA
MUALLA,Kemal Tanca,Kemal Tanca,TANCA
MUSTAFA KOC,Kemal Tanca,Kemal Tanca,TANCA
MUSTAFA KOC,Tamer Tanca,Tamer Tanca,TANCA
MUTLU TOKA,Kemal Tanca,Kemal Tanca,TANCA
MUYA,Kemal Tanca,Kemal Tanca,TANCA
MY STEPS AYK,Tamer Tanca,Tamer Tanca,TANCA
MYM AYK,Tamer Tanca,Tamer Tanca,TANCA
MYTHOLOGY,Kemal Tanca,Kemal Tanca,TANCA
MYTHOLOGY,Mythology,Mythology,TANCA
MYWALIT,Kemal Tanca,Kemal Tanca,TANCA
N2N,Kemal Tanca,Kemal Tanca,TANCA
NADİR AYK.,Kemal Tanca,Kemal Tanca,TANCA
NADİR AYK.,Tamer Tanca,Tamer Tanca,TANCA
NADİR AYK.,Valmenti,Valmenti,TANCA
NANGA,NANGA,NANGA,TANCA
NAPOLEONI,Napoleoni,Napoleoni,TANCA
NARINLER AYK,Tamer Tanca,Tamer Tanca,TANCA
NASS AYK,Kemal Tanca,Kemal Tanca,TANCA
NAT-NA,Kemal Tanca,Kemal Tanca,TANCA
NATTY,Kemal Tanca,Kemal Tanca,TANCA
NATTY,Tamer Tanca,Tamer Tanca,TANCA
NATURINO,Kemal Tanca,Kemal Tanca,TANCA
NAZIA AYK,Kemal Tanca,Kemal Tanca,TANCA
NAZİA AYK,Tamer Tanca,Tamer Tanca,TANCA
NAZİA AYK,Valmenti,Valmenti,TANCA
NEDUS,Kemal Tanca,Kemal Tanca,TANCA
NEDUS,Tamer Tanca,Tamer Tanca,TANCA
NEDUS,Valmenti,Valmenti,TANCA
NEHİR AYK,Kemal Tanca,Kemal Tanca,TANCA
NEHİR AYK,Tamer Tanca,Tamer Tanca,TANCA
NEHİR AYK,Valmenti,Valmenti,TANCA
NELLY,Kemal Tanca,Kemal Tanca,TANCA
NET KUNDURA,Kemal Tanca,Kemal Tanca,TANCA
NEVZAT ONAY,Kemal Tanca,Kemal Tanca,TANCA
NEVZAT ZOHRE,Kemal Tanca,Kemal Tanca,TANCA
NEW ITALIA,Kemal Tanca,Kemal Tanca,TANCA
NEW ITALIA SHOE,Kemal Tanca,Kemal Tanca,TANCA
NEW LIFE,Kemal Tanca,Kemal Tanca,TANCA
NEW ONIX AYK,Tamer Tanca,Tamer Tanca,TANCA
NEZSA DERİ,Kemal Tanca,Kemal Tanca,TANCA
NEZSA DERİ,Tamer Tanca,Tamer Tanca,TANCA
NIHAT,Kemal Tanca,Kemal Tanca,TANCA
NINALILOU,Kemal Tanca,Kemal Tanca,TANCA
NIVOX AYK,Valmenti,Valmenti,TANCA
NİŞANTAŞI AYK,Kemal Tanca,Kemal Tanca,TANCA
NİŞANTAŞI AYK,Tamer Tanca,Tamer Tanca,TANCA
NORDIKAS,NORDIKAS,NORDIKAS,TANCA
NORS ÇANTA,Valmenti,Valmenti,TANCA
NOSEY AYK,Tamer Tanca,Tamer Tanca,TANCA
NOUS,Kemal Tanca,Kemal Tanca,TANCA
NOVA CANTA,Kemal Tanca,Kemal Tanca,TANCA
NOVA CANTA,Tamer Tanca,Tamer Tanca,TANCA
NUANS DERI,Kemal Tanca,Kemal Tanca,TANCA
NUOVO NICAR SRL,Sandals Factory,Sandals Factory,TANCA
NUOVO NICAR SRL,Valmenti,Valmenti,TANCA
NURHAN,Kemal Tanca,Kemal Tanca,TANCA
NURSACE,Kemal Tanca,Kemal Tanca,TANCA
NURSACE,Tamer Tanca,Tamer Tanca,TANCA
NURSACE AYK,Kemal Tanca,Kemal Tanca,TANCA
NUSRET,IGI&CO,IGI&CO,TANCA
NUSRET,Kemal Tanca,Kemal Tanca,TANCA
NUSRET AYK,Valmenti,Valmenti,TANCA
NÜKTE,Kemal Tanca,Kemal Tanca,TANCA
OBLAVION CANTA,Kemal Tanca,Kemal Tanca,TANCA
OBLAVION CANTA,Tamer Tanca,Tamer Tanca,TANCA
OCEANUS ,Kemal Tanca,Kemal Tanca,TANCA
OHANNES,Kemal Tanca,Kemal Tanca,TANCA
OKER AYK,Valmenti,Valmenti,TANCA
OKIEDOG,Kemal Tanca,Kemal Tanca,TANCA
OKTAY,Kemal Tanca,Kemal Tanca,TANCA
OKTAY,Tamer Tanca,Tamer Tanca,TANCA
OKTAY,Valmenti,Valmenti,TANCA
OLANG,Kemal Tanca,Kemal Tanca,TANCA
OLIP,Kemal Tanca,Kemal Tanca,TANCA
OMMEDYA,Kemal Tanca,Kemal Tanca,TANCA
OMNIPEL,Kemal Tanca,Kemal Tanca,TANCA
OMUR KUNDURA,Kemal Tanca,Kemal Tanca,TANCA
ORSA,Kemal Tanca,Kemal Tanca,TANCA
ORSA,Tamer Tanca,Tamer Tanca,TANCA
ORUC,Kemal Tanca,Kemal Tanca,TANCA
ORUC,Tamer Tanca,Tamer Tanca,TANCA
ORUC,Valmenti,Valmenti,TANCA
OSCAR CANTA,Kemal Tanca,Kemal Tanca,TANCA
OSET TABAN,Kemal Tanca,Kemal Tanca,TANCA
OSEY-FRENPI,Kemal Tanca,Kemal Tanca,TANCA
OSEY-FRENPI,Tamer Tanca,Tamer Tanca,TANCA
OTHREE,OTHREE,OTHREE,TANCA
OVGU DERI,Kemal Tanca,Kemal Tanca,TANCA
OWLAK INC.,Valmenti,Valmenti,TANCA
OZAN CICEK,Kemal Tanca,Kemal Tanca,TANCA
OZCANLAR,Kemal Tanca,Kemal Tanca,TANCA
OZCANLAR,Tamer Tanca,Tamer Tanca,TANCA
OZCANLAR,Valmenti,Valmenti,TANCA
OZDEMIR,Kemal Tanca,Kemal Tanca,TANCA
OZDOKU AYK,Kemal Tanca,Kemal Tanca,TANCA
OZEFELER,Kemal Tanca,Kemal Tanca,TANCA
OZEFELER,Tamer Tanca,Tamer Tanca,TANCA
OZEL,Kemal Tanca,Kemal Tanca,TANCA
OZEL,Tamer Tanca,Tamer Tanca,TANCA
OZEL,Valmenti,Valmenti,TANCA
OZGU,Kemal Tanca,Kemal Tanca,TANCA
OZGUR BEBE,Kemal Tanca,Kemal Tanca,TANCA
OZLENIR GIYIM,Kemal Tanca,Kemal Tanca,TANCA
OZMAVI,Kemal Tanca,Kemal Tanca,TANCA
OZMAVI,Tamer Tanca,Tamer Tanca,TANCA
OZPINARCI,Kemal Tanca,Kemal Tanca,TANCA
OZSEVIM,Kemal Tanca,Kemal Tanca,TANCA
OZTUL,Kemal Tanca,Kemal Tanca,TANCA
OZTUL,Tamer Tanca,Tamer Tanca,TANCA
OZTURK BEBE,Kemal Tanca,Kemal Tanca,TANCA
OZTURK BEBE,Tamer Tanca,Tamer Tanca,TANCA
Ömer Hazırbaba,Kemal Tanca,Kemal Tanca,TANCA
Ömer Hazırbaba,Tamer Tanca,Tamer Tanca,TANCA
Ömer Hazırbaba,Valmenti,Valmenti,TANCA
ÖRNEK,Kemal Tanca,Kemal Tanca,TANCA
ÖZBAGCI,Kemal Tanca,Kemal Tanca,TANCA
ÖZBAGCI,Tamer Tanca,Tamer Tanca,TANCA
ÖZGÜÇ,Kemal Tanca,Kemal Tanca,TANCA
ÖZKAN AYK,Kemal Tanca,Kemal Tanca,TANCA
ÖZKAN AYK,Tamer Tanca,Tamer Tanca,TANCA
ÖZKAN AYK,Tanca Plus,Tanca Plus,TANCA
ÖZZENGİN,ÖZZENGİN,ÖZZENGİN,TANCA
P M LINE,Kemal Tanca,Kemal Tanca,TANCA
P4F,Kemal Tanca,Kemal Tanca,TANCA
PAKROS,Kemal Tanca,Kemal Tanca,TANCA
PALABIYIK,Kemal Tanca,Kemal Tanca,TANCA
PALABIYIK,Tamer Tanca,Tamer Tanca,TANCA
PALASKA,Kemal Tanca,Kemal Tanca,TANCA
PALASKA,Tamer Tanca,Tamer Tanca,TANCA
PALASKA,Valmenti,Valmenti,TANCA
PAMFİLYA AYK,Tamer Tanca,Tamer Tanca,TANCA
PAPİNO ,Kemal Tanca,Kemal Tanca,TANCA
PAPSAN,Kemal Tanca,Kemal Tanca,TANCA
PARİS AYK.,Kemal Tanca,Kemal Tanca,TANCA
PARİS AYK.,Tnc Sports,Tnc Sports,TANCA
PARİS SHOES,Tamer Tanca,Tamer Tanca,TANCA
PARSMEGA AYK,Tamer Tanca,Tamer Tanca,TANCA
PATAUGAS,Kemal Tanca,Kemal Tanca,TANCA
PATİ MEHMET,Kemal Tanca,Kemal Tanca,TANCA
PATİ MEHMET,Tamer Tanca,Tamer Tanca,TANCA
PAVA AYAKKABI,Kemal Tanca,Kemal Tanca,TANCA
PB TEKSTIL,Tamer Tanca,Tamer Tanca,TANCA
PEDRINO,Kemal Tanca,Kemal Tanca,TANCA
PEGI,Kemal Tanca,Kemal Tanca,TANCA
PEGI,PEGI,PEGI,TANCA
PEGIA ERDOĞAN D,Kemal Tanca,Kemal Tanca,TANCA
PEGIA ERDOĞAN D,Pegia,Pegia,TANCA
PEGIA ERDOĞAN D,Tamer Tanca,Tamer Tanca,TANCA
PEKCETIN,Kemal Tanca,Kemal Tanca,TANCA
PEKER AYK,Tamer Tanca,Tamer Tanca,TANCA
PELDINI,Kemal Tanca,Kemal Tanca,TANCA
PELİKAN,Kemal Tanca,Kemal Tanca,TANCA
PELLACIO(ALASKA,Kemal Tanca,Kemal Tanca,TANCA
PELMA GROUP,Valmenti,Valmenti,TANCA
PENTA SHOES,Kemal Tanca,Kemal Tanca,TANCA
PENTA SHOES,Tamer Tanca,Tamer Tanca,TANCA
PEPA,Kemal Tanca,Kemal Tanca,TANCA
PEPO,Kemal Tanca,Kemal Tanca,TANCA
PERA,Kemal Tanca,Kemal Tanca,TANCA
PERDONA AYK,Tamer Tanca,Tamer Tanca,TANCA
PERDONA AYK,Valmenti,Valmenti,TANCA
PERLİNA,Kemal Tanca,Kemal Tanca,TANCA
PETITE JOLIE Z,Kemal Tanca,Kemal Tanca,TANCA
PETITE JOLIE Z,Petite Jolie,Petite Jolie,TANCA
PETREL 92,Kemal Tanca,Kemal Tanca,TANCA
PETREL 92,Tamer Tanca,Tamer Tanca,TANCA
PICCOLO,Kemal Tanca,Kemal Tanca,TANCA
PIKOLINOS,Kemal Tanca,Kemal Tanca,TANCA
PIKOLINOS,PIKOLINOS,PIKOLINOS,TANCA
PINK ANGEL AYK,Tamer Tanca,Tamer Tanca,TANCA
PINK ANGEL AYK,Valmenti,Valmenti,TANCA
PINKY PINKY ASS,Kemal Tanca,Kemal Tanca,TANCA
PINKY PINKY ASS,Tamer Tanca,Tamer Tanca,TANCA
Pıquadro,Kemal Tanca,Kemal Tanca,TANCA
Pıquadro,Piquadro,Piquadro,TANCA
PITON,Kemal Tanca,Kemal Tanca,TANCA
PİCCOLO CANTA,Tamer Tanca,Tamer Tanca,TANCA
PLATİN ,Kemal Tanca,Kemal Tanca,TANCA
PLATİN ,Tamer Tanca,Tamer Tanca,TANCA
PLAY39,Kemal Tanca,Kemal Tanca,TANCA
POELMAN BV,POELMAN BV,POELMAN BV,TANCA
POLAT AYAK,Kemal Tanca,Kemal Tanca,TANCA
POLAT AYAKKABI,Kemal Tanca,Kemal Tanca,TANCA
POLAT AYAKKABI,Tamer Tanca,Tamer Tanca,TANCA
POLAT AYAKKABI,Valmenti,Valmenti,TANCA
POLETTO,Kemal Tanca,Kemal Tanca,TANCA
POLINI,Kemal Tanca,Kemal Tanca,TANCA
POLLINI,Kemal Tanca,Kemal Tanca,TANCA
POLLINI,Moschino,Moschino,TANCA
POLOLO,Kemal Tanca,Kemal Tanca,TANCA
POLOLO,Pololo,Pololo,TANCA
PONPON AYK,Kemal Tanca,Kemal Tanca,TANCA
PORSCHE,PORSCHE,PORSCHE,TANCA
PORTMAN,Kemal Tanca,Kemal Tanca,TANCA
PORTMAN,Portman,Portman,TANCA
PORTUGAL FOOTWE,Kemal Tanca,Kemal Tanca,TANCA
POTIN-MIKA,Kemal Tanca,Kemal Tanca,TANCA
POTIN-MIKA,Tamer Tanca,Tamer Tanca,TANCA
POYRAZ KZMTK,Kemal Tanca,Kemal Tanca,TANCA
PRADA HAKAN,Kemal Tanca,Kemal Tanca,TANCA
PRATIVERDE,Kemal Tanca,Kemal Tanca,TANCA
PREMIATA,Kemal Tanca,Kemal Tanca,TANCA
PREMIATA,Premiata,Premiata,TANCA
PREND,Kemal Tanca,Kemal Tanca,TANCA
PREND,Tamer Tanca,Tamer Tanca,TANCA
PRESTIJ,Kemal Tanca,Kemal Tanca,TANCA
PRESTİJ,Kemal Tanca,Kemal Tanca,TANCA
PRIMADONNA,PRIMADONNA,PRIMADONNA,TANCA
PRIMIGI YENİ CA,Kemal Tanca,Kemal Tanca,TANCA
PRIMIGI YENİ CA,PRIMIGI,PRIMIGI,TANCA
PRIMIGI YENİ CA,WORLD COLORS,WORLD COLORS,TANCA
PRİNS AYK,Tamer Tanca,Tamer Tanca,TANCA
PRİNS AYK,Valmenti,Valmenti,TANCA
PROKOC,Kemal Tanca,Kemal Tanca,TANCA
PRONTO AYK,Tamer Tanca,Tamer Tanca,TANCA
PRONTO AYK,Valmenti,Valmenti,TANCA
PROSHECK AYK,Kemal Tanca,Kemal Tanca,TANCA
PUMA,Kemal Tanca,Kemal Tanca,TANCA
PUSERCA AYK,Tamer Tanca,Tamer Tanca,TANCA
QUESHELI AYK,Tamer Tanca,Tamer Tanca,TANCA
QUESHELI AYK,Valmenti,Valmenti,TANCA
RACHEL AYK,Tamer Tanca,Tamer Tanca,TANCA
RACHEL AYK,Valmenti,Valmenti,TANCA
RACİ,Kemal Tanca,Kemal Tanca,TANCA
RACİ,Tamer Tanca,Tamer Tanca,TANCA
RACİ,Valmenti,Valmenti,TANCA
RADIKAL,Kemal Tanca,Kemal Tanca,TANCA
RADIKAL,Tamer Tanca,Tamer Tanca,TANCA
RADIKAL,Valmenti,Valmenti,TANCA
RADUNO AYK,Kemal Tanca,Kemal Tanca,TANCA
RAGGAZİ,Kemal Tanca,Kemal Tanca,TANCA
RAJAP AYAKKABI,Kemal Tanca,Kemal Tanca,TANCA
RAJAP AYAKKABI,Tamer Tanca,Tamer Tanca,TANCA
RAJAP AYAKKABI,Valmenti,Valmenti,TANCA
RAM,Kemal Tanca,Kemal Tanca,TANCA
RANA ÇANTA,Tamer Tanca,Tamer Tanca,TANCA
RANA ÇANTA,Valmenti,Valmenti,TANCA
RAPISARDI,Kemal Tanca,Kemal Tanca,TANCA
RAPISARDI,Rapisardi,Rapisardi,TANCA
RATEKS,Kemal Tanca,Kemal Tanca,TANCA
REDLİPS AYK,Tamer Tanca,Tamer Tanca,TANCA
REDWOOD,Kemal Tanca,Kemal Tanca,TANCA
REDWOOD,REDWOOD,Redwood,TANCA
RELAX ANATOMIC,Relax Anatomic,Relax Anatomic,TANCA
RELAX ANATOMIC,Valmenti,Valmenti,TANCA
REON AYK,Kemal Tanca,Kemal Tanca,TANCA
RESUL ISLER,Kemal Tanca,Kemal Tanca,TANCA
RESUL ISLER,Tamer Tanca,Tamer Tanca,TANCA
RICCARDO COLLI,Kemal Tanca,Kemal Tanca,TANCA
RİCAMBİ,Kemal Tanca,Kemal Tanca,TANCA
RİCAMBİ,Tamer Tanca,Tamer Tanca,TANCA
RİCAMBİ,Valmenti,Valmenti,TANCA
ROADMAN AYK,Kemal Tanca,Kemal Tanca,TANCA
ROADMAN AYK,Tamer Tanca,Tamer Tanca,TANCA
ROBERTO BOTTIC,Roberto Bottice,Roberto Botticelli,TANCA
ROBERTO CAVALLI,Roberto Cavalli,Roberto Cavalli,TANCA
ROBERTO FESTA,Roberto Festa,Roberto Festa,TANCA
ROCCOBOROCCO,Kemal Tanca,Kemal Tanca,TANCA
ROCCOL AYK,Tamer Tanca,Tamer Tanca,TANCA
ROCCOL AYK,Valmenti,Valmenti,TANCA
ROGGERO AYK,Tamer Tanca,Tamer Tanca,TANCA
ROGONLINE AYK.,Kemal Tanca,Kemal Tanca,TANCA
ROGONLINE AYK.,Tamer Tanca,Tamer Tanca,TANCA
ROK AIL,Kemal Tanca,Kemal Tanca,TANCA
ROSE DEDO,Tamer Tanca,Tamer Tanca,TANCA
ROSELIA,Kemal Tanca,Kemal Tanca,TANCA
ROSELIA,Tamer Tanca,Tamer Tanca,TANCA
ROSELİA AYK,Tamer Tanca,Tamer Tanca,TANCA
ROSSI,CALZ.ROSSI,CALZ.ROSSI,TANCA
ROSSI,Kemal Tanca,Kemal Tanca,TANCA
ROSSI,ROSSI,ROSSI,TANCA
ROSSI,Valmenti,Valmenti,TANCA
ROYAL,Kemal Tanca,Kemal Tanca,TANCA
RUGANO,Kemal Tanca,Kemal Tanca,TANCA
RUGANO,Tamer Tanca,Tamer Tanca,TANCA
RUGANO,Valmenti,Valmenti,TANCA
RUYA,Kemal Tanca,Kemal Tanca,TANCA
S.C,Kemal Tanca,Kemal Tanca,TANCA
SABIR,Kemal Tanca,Kemal Tanca,TANCA
SABO,Kemal Tanca,Kemal Tanca,TANCA
SACHA PACHA,Kemal Tanca,Kemal Tanca,TANCA
SACHA PACHA,Tamer Tanca,Tamer Tanca,TANCA
SACHA PACHA,Valmenti,Valmenti,TANCA
SAFIR AYK,Tamer Tanca,Tamer Tanca,TANCA
SAFIR AYK,Valmenti,Valmenti,TANCA
SAĞLAM DERİ,Tamer Tanca,Tamer Tanca,TANCA
SAHIN,Kemal Tanca,Kemal Tanca,TANCA
SAHIN,Tamer Tanca,Tamer Tanca,TANCA
SAHRA AYK FOREX,Kemal Tanca,Kemal Tanca,TANCA
SAHRA AYK FOREX,Tamer Tanca,Tamer Tanca,TANCA
SAINT FERRY,Koil,Koil,TANCA
SAİL LAKERS AYK,Tamer Tanca,Tamer Tanca,TANCA
SAİL LAKERS AYK,Valmenti,Valmenti,TANCA
SALDA,Kemal Tanca,Kemal Tanca,TANCA
SALDA,Tamer Tanca,Tamer Tanca,TANCA
SALERS,Kemal Tanca,Kemal Tanca,TANCA
SALINI,Kemal Tanca,Kemal Tanca,TANCA
SALINI,Tamer Tanca,Tamer Tanca,TANCA
SALISA AYK.,Kemal Tanca,Kemal Tanca,TANCA
SALISEE AYAKKAB,Kemal Tanca,Kemal Tanca,TANCA
SALISEE AYAKKAB,Tamer Tanca,Tamer Tanca,TANCA
SALISEE AYAKKAB,Valmenti,Valmenti,TANCA
SALUR,Tamer Tanca,Tamer Tanca,TANCA
SALVO,Kemal Tanca,Kemal Tanca,TANCA
SAMANYOLU,Kemal Tanca,Kemal Tanca,TANCA
SANATEL,Kemal Tanca,Kemal Tanca,TANCA
SANDALI,Kemal Tanca,Kemal Tanca,TANCA
SANDALS FACTORY,Sandals Factory,Sandals Factory,TANCA
SANDRA,Tamer Tanca,Tamer Tanca,TANCA
SANLI ÖKCE,Kemal Tanca,Kemal Tanca,TANCA
SANSETTİ,Kemal Tanca,Kemal Tanca,TANCA
SANTANA,Kemal Tanca,Kemal Tanca,TANCA
SANTINI,SANTINI,SANTINI,TANCA
SARAÇ AYK,Kemal Tanca,Kemal Tanca,TANCA
SARAÇ AYK,Tamer Tanca,Tamer Tanca,TANCA
SARAN,Kemal Tanca,Kemal Tanca,TANCA
SARAN KOZMETİK,Kemal Tanca,Kemal Tanca,TANCA
SARAN KOZMETİK,Tamer Tanca,Tamer Tanca,TANCA
SARAN KOZMETİK,Valmenti,Valmenti,TANCA
SARGIN,Kemal Tanca,Kemal Tanca,TANCA
SARGIN,Tamer Tanca,Tamer Tanca,TANCA
SARIYILDIZ,Kemal Tanca,Kemal Tanca,TANCA
SAS,Kemal Tanca,Kemal Tanca,TANCA
SAS,TRIVIA,TRIVIA,TANCA
SASHA,Kemal Tanca,Kemal Tanca,TANCA
SASHA LIFE,Kemal Tanca,Kemal Tanca,TANCA
SASHA LIFE,Tamer Tanca,Tamer Tanca,TANCA
SASHA LIFE,TNC Luxury,TNC Luxury,TANCA
SATO,Kemal Tanca,Kemal Tanca,TANCA
SATO,Tamer Tanca,Tamer Tanca,TANCA
SAURO SHOES,Kemal Tanca,Kemal Tanca,TANCA
SAURO SHOES,Sauro Shoes,Sauro Shoes,TANCA
SAVASOGLU,Kemal Tanca,Kemal Tanca,TANCA
SAVCILI AYK,Tamer Tanca,Tamer Tanca,TANCA
SAVELLI,Kemal Tanca,Kemal Tanca,TANCA
SAVİO SANTE AYK,Valmenti,Valmenti,TANCA
SAVRAN AYK,Tamer Tanca,Tamer Tanca,TANCA
SAYA MURAT,Kemal Tanca,Kemal Tanca,TANCA
SAYA MURAT,Tamer Tanca,Tamer Tanca,TANCA
SAYGIN DERI,Tamer Tanca,Tamer Tanca,TANCA
SAYGIN DERI,Valmenti,Valmenti,TANCA
SAYGUN,Kemal Tanca,Kemal Tanca,TANCA
SAYGUN AYK,Valmenti,Valmenti,TANCA
SCARPE ROSSO,Tamer Tanca,Tamer Tanca,TANCA
SCARPIN,Kemal Tanca,Kemal Tanca,TANCA
SCARPIN,Tamer Tanca,Tamer Tanca,TANCA
SCARPIN,Valmenti,Valmenti,TANCA
SCORPIO,Kemal Tanca,Kemal Tanca,TANCA
SCORPIO,Scorpio,Scorpio,TANCA
SEAY DERİ,Tamer Tanca,Tamer Tanca,TANCA
SEBASTIAN,Kemal Tanca,Kemal Tanca,TANCA
SEBATA,Kemal Tanca,Kemal Tanca,TANCA
SECIL,Kemal Tanca,Kemal Tanca,TANCA
SECIL,Tamer Tanca,Tamer Tanca,TANCA
SEHER AYK,Valmenti,Valmenti,TANCA
SEKADA,Kemal Tanca,Kemal Tanca,TANCA
SELÇUK AYK,Kemal Tanca,Kemal Tanca,TANCA
SELÇUK AYK,UGG,UGG,TANCA
SELÇUK AYK.,Tamer Tanca,Tamer Tanca,TANCA
SELFIRON,KEMAL TANCA,KEMAL TANCA,TANCA
SELIMTOPCU,Kemal Tanca,Kemal Tanca,TANCA
SELIMTOPCU,Tamer Tanca,Tamer Tanca,TANCA
SELİM ÖTUNÇ,Kemal Tanca,Kemal Tanca,TANCA
SEMA AYK,Tamer Tanca,Tamer Tanca,TANCA
SENDRA,Kemal Tanca,Kemal Tanca,TANCA
SENDRA,Sendra,Sendra,TANCA
SENER,Kemal Tanca,Kemal Tanca,TANCA
SENER TERLIK,Kemal Tanca,Kemal Tanca,TANCA
SENİORAH AYK,Tamer Tanca,Tamer Tanca,TANCA
SENİORAH AYK,Valmenti,Valmenti,TANCA
SENKARDESLER,Kemal Tanca,Kemal Tanca,TANCA
SENNUR BEBE,Kemal Tanca,Kemal Tanca,TANCA
SENTINI,Kemal Tanca,Kemal Tanca,TANCA
SENTINI,Tamer Tanca,Tamer Tanca,TANCA
SENTINI,Valmenti,Valmenti,TANCA
SERAFINI,Kemal Tanca,Kemal Tanca,TANCA
SERBEY AYK,Valmenti,Valmenti,TANCA
SEREN DERI,Kemal Tanca,Kemal Tanca,TANCA
SEREN DERI,Tamer Tanca,Tamer Tanca,TANCA
SERGIO AYK,Kemal Tanca,Kemal Tanca,TANCA
SERKA AYK,Kemal Tanca,Kemal Tanca,TANCA
SERKAN AYK,Kemal Tanca,Kemal Tanca,TANCA
SERKAN ÇANTA,Valmenti,Valmenti,TANCA
SERKAN ÜRÜTÜRK,Kemal Tanca,Kemal Tanca,TANCA
SERKAN ÜRÜTÜRK,Tamer Tanca,Tamer Tanca,TANCA
SERKAN YALGI,Kemal Tanca,Kemal Tanca,TANCA
SERKAN YALGI,Tamer Tanca,Tamer Tanca,TANCA
SERKAN YALGI,Valmenti,Valmenti,TANCA
SERMES,Kemal Tanca,Kemal Tanca,TANCA
SERPAN,Kemal Tanca,Kemal Tanca,TANCA
SERRANO,Kemal Tanca,Kemal Tanca,TANCA
SETA AYAKKABI,Kemal Tanca,Kemal Tanca,TANCA
SEYFI AYK,Kemal Tanca,Kemal Tanca,TANCA
SEYFI AYK,Tamer Tanca,Tamer Tanca,TANCA
SEZER,Kemal Tanca,Kemal Tanca,TANCA
SEZON,Kemal Tanca,Kemal Tanca,TANCA
SGK,Kemal Tanca,Kemal Tanca,TANCA
SGM,LIVETECH,LIVETECH,TANCA
SGM,SGM,SGM,TANCA
SGM,tamer tanca,tamer tanca,TANCA
SHADDY AYK,Valmenti,Valmenti,TANCA
SHADEY,Kemal Tanca,Kemal Tanca,TANCA
SHE,Kemal Tanca,Kemal Tanca,TANCA
SHE IS,Kemal Tanca,Kemal Tanca,TANCA
SHOE AND ME,Kemal Tanca,Kemal Tanca,TANCA
SHOE MOOD,Kemal Tanca,Kemal Tanca,TANCA
SHOEPROJECT,EXTRALIGHT,EXTRALIGHT,TANCA
SHOEPROJECT,TPU,TPU,TANCA
SHOES,Kemal Tanca,Kemal Tanca,TANCA
SHOES SENTER,Kemal Tanca,Kemal Tanca,TANCA
SHOES-WE ARE,Kemal Tanca,Kemal Tanca,TANCA
SHUMEN AYK,Tamer Tanca,Tamer Tanca,TANCA
SHUMEN AYK,Valmenti,Valmenti,TANCA
SIDAR AYAKK.,Kemal Tanca,Kemal Tanca,TANCA
SILGA,Kemal Tanca,Kemal Tanca,TANCA
SILVER,Kemal Tanca,Kemal Tanca,TANCA
SIMF AYK,Kemal Tanca,Kemal Tanca,TANCA
SIMILA AYK,Tamer Tanca,Tamer Tanca,TANCA
SIMILA AYK,Valmenti,Valmenti,TANCA
SIMIN,Kemal Tanca,Kemal Tanca,TANCA
SIMONBAY,Kemal Tanca,Kemal Tanca,TANCA
SINAN TASDEMIR,Kemal Tanca,Kemal Tanca,TANCA
SINELA,Kemal Tanca,Kemal Tanca,TANCA
SIRIN CANTA,Tamer Tanca,Tamer Tanca,TANCA
SIRIN CANTA,Valmenti,Valmenti,TANCA
SIXTY SEVEN,Kemal Tanca,Kemal Tanca,TANCA
SİBEL DERİ,SİBEL DERİ,SİBEL DERİ,TANCA
SİENA,Kemal Tanca,Kemal Tanca,TANCA
SİLVANA AYK,Tamer Tanca,Tamer Tanca,TANCA
SİNAN ÇORAP,Tamer Tanca,Tamer Tanca,TANCA
SİNAN ÇORAP,Valmenti,Valmenti,TANCA
SİS,Kemal Tanca,Kemal Tanca,TANCA
SMART,Kemal Tanca,Kemal Tanca,TANCA
SMILEE,Kemal Tanca,Kemal Tanca,TANCA
SMS AYK,Tamer Tanca,Tamer Tanca,TANCA
SMS AYK,Valmenti,Valmenti,TANCA
SOFTWAVES,Softwaves,Softwaves,TANCA
SOLITAIRE MAINZ,SOLITAIRE MAINZ,SOLITAIRE MAINZ,TANCA
SORBATTİ,Sorbatti,Sorbatti,TANCA
SORTEKS ERTUGR,IGOR,IGOR,TANCA
SORTEKS ERTUGR,Kemal Tanca,Kemal Tanca,TANCA
SORTEKS ERTUGR,NEWBORN,NEWBORN,TANCA
SOSELA ÇANTA,Tamer Tanca,Tamer Tanca,TANCA
SOYLU,Kemal Tanca,Kemal Tanca,TANCA
SOZZY TOYS,Kemal Tanca,Kemal Tanca,TANCA
SÖKMEN,Tamer Tanca,Tamer Tanca,TANCA
SRN AYAKKABI,Kemal Tanca,Kemal Tanca,TANCA
SRN AYAKKABI,Tamer Tanca,Tamer Tanca,TANCA
SRN AYAKKABI,Valmenti,Valmenti,TANCA
STEFANO BRANCHİ,STEFANO BRANC,STEFANO BRANCHİNİ,TANCA
STELL DERI,Kemal Tanca,Kemal Tanca,TANCA
STEMAR,Kemal Tanca,Kemal Tanca,TANCA
STILLO SUAT,Kemal Tanca,Kemal Tanca,TANCA
STILO,Kemal Tanca,Kemal Tanca,TANCA
STILO AYK,Kemal Tanca,Kemal Tanca,TANCA
STORM,Kemal Tanca,Kemal Tanca,TANCA
STORM,STORM,STROM,TANCA
STORM,Tamer Tanca,Tamer Tanca,TANCA
STORM,Valmenti,Valmenti,TANCA
STRAIGHT AWAY,Kemal Tanca,Kemal Tanca,TANCA
STRATEGIA,Kemal Tanca,Kemal Tanca,TANCA
STRATEGIA,Strategia,Strategia,TANCA
STRAUS,Kemal Tanca,Kemal Tanca,TANCA
STUPPY,STUPPY,STUPPY,TANCA
SU GİBİ,Kemal Tanca,Kemal Tanca,TANCA
SUAT,Kemal Tanca,Kemal Tanca,TANCA
SUDEX,Tamer Tanca,Tamer Tanca,TANCA
SUDEX,Valmenti,Valmenti,TANCA
SUHA,Kemal Tanca,Kemal Tanca,TANCA
SUHA,Tamer Tanca,Tamer Tanca,TANCA
SULTAN AYAKK.,Kemal Tanca,Kemal Tanca,TANCA
SULTANİ AYK,Valmenti,Valmenti,TANCA
Sultanina,Kemal Tanca,Kemal Tanca,TANCA
Sultanina,Tamer Tanca,Tamer Tanca,TANCA
SUPERFIT,Kemal Tanca,Kemal Tanca,TANCA
SUPERFIT,Superfit,Superfit,TANCA
SUPERFIX,Kemal Tanca,Kemal Tanca,TANCA
SÜMBÜL AYK,Valmenti,Valmenti,TANCA
SÜRENLER AYK.,Kemal Tanca,Kemal Tanca,TANCA
SÜRENLER AYK.,Tamer Tanca,Tamer Tanca,TANCA
SWIMS,Kemal Tanca,Kemal Tanca,TANCA
ŞAHİN DERİ,Kemal Tanca,Kemal Tanca,TANCA
ŞEFİK DERİMONT,TAMER TANCA,TAMER TANCA,TANCA
ŞEN KUNDURA,Kemal Tanca,Kemal Tanca,TANCA
ŞENGÜL,Kemal Tanca,Kemal Tanca,TANCA
ŞENGÜN,Kemal Tanca,Kemal Tanca,TANCA
ŞENKAL-DENİL,Kemal Tanca,Kemal Tanca,TANCA
ŞENKAL-DENİL,Tamer Tanca,Tamer Tanca,TANCA
ŞENKAL-DENİL,Tnc Luxury,Tnc Luxury,TANCA
ŞENKAL-DENİL,Valmenti,Valmenti,TANCA
ŞENLER BEBE,Kemal Tanca,Kemal Tanca,TANCA
ŞENLER BEBE,Tamer Tanca,Tamer Tanca,TANCA
ŞİMŞEK ÇANTA,Tamer Tanca,Tamer Tanca,TANCA
TABANCI KARD,Tamer Tanca,Tamer Tanca,TANCA
TABANCI KARD,Valmenti,Valmenti,TANCA
TAFT,Kemal Tanca,Kemal Tanca,TANCA
TAKE ME ECOCALZ,Kemal Tanca,Kemal Tanca,TANCA
TAKE ME ECOCALZ,TAKE ME,TAKE ME,TANCA
TAKE ME ECOCALZ,TAKE ME ECOCALZ,TAKE ME ECOCALZ,TANCA
TALHA,Kemal Tanca,Kemal Tanca,TANCA
TALHA,Tamer Tanca,Tamer Tanca,TANCA
TALHA (ZENNE),Tamer Tanca,Tamer Tanca,TANCA
TALHA (ZENNE),Valmenti,Valmenti,TANCA
TAMER TANCA,RUCO LINE,RUCO LINE,TANCA
TAMER TANCA,TAMER TANCA,TAMER TANCA,TANCA
TANCA,ALBERTOCICCIOLI,ALBERTOCICCIOLI,TANCA
TANCA,BARRATS,BARRATS,TANCA
TANCA,DEVIL,DEVIL,TANCA
TANCA,DOUCAL^S,DOUCAL^S,TANCA
TANCA,FABI,FABI,TANCA
TANCA,FESSURA,FESSURA,TANCA
TANCA,Kemal Tanca,Kemal Tanca,TANCA
TANCA,KOIL,KOIL,TANCA
TANCA,LUIS ONOFRE,LUIS ONOFRE,TANCA
TANCA,M.SHOES,M.SHOES,TANCA
TANCA,MOSCHINO,MOSCHINO,TANCA
TANCA,PESSURA,PESSURA,TANCA
TANCA,ROBERTO GUERRİN,ROBERTO GUERRİNİ,TANCA
TANCA,SANIFLEX,SANIFLEX,TANCA
TANCA,STONEFLY,STONEFLY,TANCA
TANCA,Tamer Tanca,Tamer Tanca,TANCA
TANCA,VALENTINO,VALENTINO,TANCA
TANCA,VITTORIOVIRGILI,VITTORIOVIRGILI,TANCA
TANIL,Kemal Tanca,Kemal Tanca,TANCA
TANIL,Tamer Tanca,Tamer Tanca,TANCA
TANIL,Valmenti,Valmenti,TANCA
TANIS,Kemal Tanca,Kemal Tanca,TANCA
TANIS,Tamer Tanca,Tamer Tanca,TANCA
TAPODTS,TAPODTS,TAPODTS,TANCA
TARIK AYK,Kemal Tanca,Kemal Tanca,TANCA
TARLAK,Kemal Tanca,Kemal Tanca,TANCA
TARTARUGA,Kemal Tanca,Kemal Tanca,TANCA
TASDEMIR,Kemal Tanca,Kemal Tanca,TANCA
TASDEMIR,Tamer Tanca,Tamer Tanca,TANCA
TASDEMIR,Valmenti,Valmenti,TANCA
TASKOPRU AYK,Kemal Tanca,Kemal Tanca,TANCA
TAŞCANLAR DERİ,Tamer Tanca,Tamer Tanca,TANCA
TAŞCANLAR DERİ,TAŞCANLAR DERİ,Tamer Tanca,TANCA
TATTINI,TATTINI,TATTINI,TANCA
TATTINI,Tattini,Tattini,TANCA
TAYMİR,Kemal Tanca,Kemal Tanca,TANCA
TEK ÇANTA,Tamer Tanca,Tamer Tanca,TANCA
TEKEMEN,Kemal Tanca,Kemal Tanca,TANCA
TEKİNER BEBE,Kemal Tanca,Kemal Tanca,TANCA
TEKİNER BEBE,Tamer Tanca,Tamer Tanca,TANCA
TERSAN AYK,Kemal Tanca,Kemal Tanca,TANCA
TERSAN AYK,Tamer Tanca,Tamer Tanca,TANCA
TES,Kemal Tanca,Kemal Tanca,TANCA
TES,Tes,Tes,TANCA
TESSERA,Kemal Tanca,Kemal Tanca,TANCA
TESSITURA,Kemal Tanca,Kemal Tanca,TANCA
TEST AYK,Kemal Tanca,Kemal Tanca,TANCA
TEST AYK,Tamer Tanca,Tamer Tanca,TANCA
TETRI,Kemal Tanca,Kemal Tanca,TANCA
TEXPELL,Kemal Tanca,Kemal Tanca,TANCA
TEZCAN,Kemal Tanca,Kemal Tanca,TANCA
TEZCAN,Tamer Tanca,Tamer Tanca,TANCA
TEZCAN,Tnc Luxury,Tnc Luxury,TANCA
TEZCAN,Valmenti,Valmenti,TANCA
THE ART COMPANY,The Art Company,The Art Company,TANCA
TIRENTI AYK,Kemal Tanca,Kemal Tanca,TANCA
TİGRA,Kemal Tanca,Kemal Tanca,TANCA
TİMPANİ EKİM,Kemal Tanca,Kemal Tanca,TANCA
TİMPANİ EKİM,Kemla Tanca,Kemal Tanca,TANCA
TMT CANTA,Kemal Tanca,Kemal Tanca,TANCA
TNR AYAKKABI,Kemal Tanca,Kemal Tanca,TANCA
TNR AYAKKABI,Tamer Tanca,Tamer Tanca,TANCA
TOKTAS,Kemal Tanca,Kemal Tanca,TANCA
TOKTAŞ,Kemal Tanca,Kemal Tanca,TANCA
TOLGA,Kemal Tanca,Kemal Tanca,TANCA
TOMS,TOMS,TOMS,TANCA
TOOP TRIS,Kemal Tanca,Kemal Tanca,TANCA
TOP TRIS,Kemal Tanca,Kemal Tanca,TANCA
TOPBAS,Kemal Tanca,Kemal Tanca,TANCA
TOPBAS,Tamer Tanca,Tamer Tanca,TANCA
TOPBAS,Valmenti,Valmenti,TANCA
TOPKAPI AYK,Tamer Tanca,Tamer Tanca,TANCA
TOR KUNDURA,Kemal Tanca,Kemal Tanca,TANCA
TORELLE,Kemal Tanca,Kemal Tanca,TANCA
TORELLE,Tamer Tanca,Tamer Tanca,TANCA
TORENTO AYK,Tamer Tanca,Tamer Tanca,TANCA
TORİNO,Kemal Tanca,Kemal Tanca,TANCA
TOROSLAR,Kemal Tanca,Kemal Tanca,TANCA
TOROSLAR,Tamer Tanca,Tamer Tanca,TANCA
TOROSLAR,Tnc Sports,Tnc Sports,TANCA
TOROSLAR,Valmenti,Valmenti,TANCA
TORRESI,Kemal Tanca,Kemal Tanca,TANCA
TOSCA BLU,Kemal Tanca,Kemal Tanca,TANCA
TOSCANA,Kemal  Tanca,Kemal Tanca,TANCA
TOSCANA,Kemal Tanca,Kemal Tanca,TANCA
TOZKOPARAN,Kemal Tanca,Kemal Tanca,TANCA
TRAPANİ,Kemal Tanca,Kemal Tanca,TANCA
TRAPANİ,Tamer Tanca,Tamer Tanca,TANCA
TRAPANİ,Valmenti,Valmenti,TANCA
TREN DERİ,Kemal Tanca,Kemal Tanca,TANCA
TREND,Kemal Tanca,Kemal Tanca,TANCA
TREND,Tamer Tanca,Tamer Tanca,TANCA
TREND,TNC PLUS,TNC PLUS,TANCA
TRENDY STAR,Tamer Tanca,Tamer Tanca,TANCA
TRENZADOS Y,Kemal Tanca,Kemal Tanca,TANCA
TREX,Kemal Tanca,Kemal Tanca,TANCA
TRIVIA AYK,Kemal Tanca,Kemal Tanca,TANCA
TRUVA,Kemal Tanca,Kemal Tanca,TANCA
TRUVA,Tamer Tanca,Tamer Tanca,TANCA
TRUVA AYAKKABI,Kemal Tanca,Kemal Tanca,TANCA
TRUVA AYAKKABI,Tamer Tanca,Tamer Tanca,TANCA
TSAKIRIS MALLAS,TSAKIRIS MALLAS,TSAKIRIS MALLAS,TANCA
TSAKIRIS MALLAS,Valmenti,Valmenti,TANCA
TU TU AYK,Kemal Tanca,Kemal Tanca,TANCA
TUAL,Tamer Tanca,Tamer Tanca,TANCA
TUANA,Kemal Tanca,Kemal Tanca,TANCA
TUBA,Kemal Tanca,Kemal Tanca,TANCA
TUBAY AYK,Tamer Tanca,Tamer Tanca,TANCA
TUBİ,Kemal Tanca,Kemal Tanca,TANCA
TUBİ AYK.,Kemal Tanca,Kemal Tanca,TANCA
TUC TUC,Kemal Tanca,Kemal Tanca,TANCA
TUC TUC,Tamer Tanca,Tamer Tanca,TANCA
TUC TUC,Tuc Tuc,Tuc Tuc,TANCA
TUCINO AYK,Kemal Tanca,Kemal Tanca,TANCA
TUE AYK,Kemal Tanca,Kemal Tanca,TANCA
TUFAN AYK-WEPPS,Kemal Tanca,Kemal Tanca,TANCA
TUĞ TU AYK,Kemal Tanca,Kemal Tanca,TANCA
TULGARS TEKSTIL,Tamer Tanca,Tamer Tanca,TANCA
TULGARS TEKSTIL,Valmenti,Valmenti,TANCA
TULOGLU,Kemal Tanca,Kemal Tanca,TANCA
TURGUT ERTEN,Kemal Tanca,Kemal Tanca,TANCA
TURKKAN,Kemal Tanca,Kemal Tanca,TANCA
TUTKU,KEMAL TANCA,KEMAL TANCA,TANCA
TUTKU,Tamer Tanca,Tamer Tanca,TANCA
TÜNEL AYAKKABI,Kemal Tanca,Kemal Tanca,TANCA
TWICE,Kemal Tanca,Kemal Tanca,TANCA
UCEL,Kemal Tanca,Kemal Tanca,TANCA
ULAS,Kemal Tanca,Kemal Tanca,TANCA
ULASTI,Kemal Tanca,Kemal Tanca,TANCA
ULUDAG,Kemal Tanca,Kemal Tanca,TANCA
ULUDAG,Tamer Tanca,Tamer Tanca,TANCA
UNIQUE,Kemal Tanca,Kemal Tanca,TANCA
UNIQUE,Unique,Unique,TANCA
UNIQUE,Valmenti,Valmenti,TANCA
UNISA,Lemon Jelly,Lemon Jelly,TANCA
UNISA,Unisa,Unisa,TANCA
UNISEA,Kemal Tanca,Kemal Tanca,TANCA
UNİCA AYK,Tamer Tanca,Tamer Tanca,TANCA
UNİCA AYK,Valmenti,Valmenti,TANCA
UP SRL,HANGAR,HANGAR,TANCA
URBANO,Kemal Tanca,Kemal Tanca,TANCA
UYAR SARACIYE,Kemal Tanca,Kemal Tanca,TANCA
UYAR SARACIYE,TNC,TNC,TANCA
UZTAB,Kemal Tanca,Kemal Tanca,TANCA
VAHAP,Kemal Tanca,Kemal Tanca,TANCA
VAHAP,Tamer Tanca,Tamer Tanca,TANCA
VAHAP,TNC LUXURY,TNC LUXURY,TANCA
VAHAP,Valmenti,Valmenti,TANCA
VAKKO,Kemal Tanca,Kemal Tanca,TANCA
VAKKO,VAKKO,VAKKO,TANCA
VALENTINO,Kemal Tanca,Kemal Tanca,TANCA
VALENTINO,VALENTINO,Valentino,TANCA
VALMENTI,VALMENTI,VALMENTI,TANCA
VALMENTI,Valmenti,Valmenti,TANCA
VANNI,Kemal Tanca,Kemal Tanca,TANCA
VANNI,VANNI,VANNI,TANCA
VAREL AYK,Kemal Tanca,Kemal Tanca,TANCA
VAROL ÇANTA,Tamer Tanca,Tamer Tanca,TANCA
VARUK,Kemal Tanca,Kemal Tanca,TANCA
VARUK,VARUK,VARUK,TANCA
VATAN AYK,Tamer Tanca,Tamer Tanca,TANCA
VATAN AYK,Valmenti,Valmenti,TANCA
VEDAT AKSIN,Kemal Tanca,Kemal Tanca,TANCA
VEDAT AKSIN,Tamer Tanca,Tamer Tanca,TANCA
VELENTI AYK,Tamer Tanca,Tamer Tanca,TANCA
VELENTI AYK,Valmenti,Valmenti,TANCA
VENUS,Kemal Tanca,Kemal Tanca,TANCA
VENUS,Tamer Tanca,Tamer Tanca,TANCA
VENUS,Valmenti,Valmenti,TANCA
VEREGRA,Kemal Tanca,Kemal Tanca,TANCA
VERSACE,Kemal Tanca,Kemal Tanca,TANCA
VES,Kemal Tanca,Kemal Tanca,TANCA
VES DERİ,Kemal Tanca,Kemal Tanca,TANCA
VES DERİ,STEVE MADDEN,STEVE MADDEN,TANCA
VESBA,Kemal Tanca,Kemal Tanca,TANCA
VESTİGO AYK,Tamer Tanca,Tamer Tanca,TANCA
VESTİGO AYK,Valmenti,Valmenti,TANCA
VIBRAM,BONFİGLİO,BONFİGLİO,TANCA
VICINO,Kemal Tanca,Kemal Tanca,TANCA
VICINO,Tamer Tanca,Tamer Tanca,TANCA
VICINO,Tnc Luxury,Tnc Luxury,TANCA
VICINO,Valmenti,Valmenti,TANCA
VICTOR,Kemal Tanca,Kemal Tanca,TANCA
VICTORIA,Kemal Tanca,Kemal Tanca,TANCA
VIDORRETA,Kemal Tanca,Kemal Tanca,TANCA
VIENCA,Kemal Tanca,Kemal Tanca,TANCA
VIENTY,VIENTY,VIENTY,TANCA
VIGUERA,Kemal Tanca,Kemal Tanca,TANCA
VIRUS,Kemal Tanca,Kemal Tanca,TANCA
VITTORIO VIRGIL,VITTORIO VIRGIL,Vittorio Virgili,TANCA
VIZGAR SHOES,ALMAER PERA,ALMEAR PERA,TANCA
VİGOTTİ AYK,Tamer Tanca,Tamer Tanca,TANCA
VİRLE,Kemal Tanca,Kemal Tanca,TANCA
VİTAENY,Tamer Tanca,Tamer Tanca,TANCA
VİTAENY,Valmenti,Valmenti,TANCA
VİVA,BRIO,BRIO,TANCA
VİVA,Kemal Tanca,Kemal Tanca,TANCA
VİVA ÇANTA,Tamer Tanca,Tamer Tanca,TANCA
VİVA ÇANTA,Valmenti,Valmenti,TANCA
VKS,Kemal Tanca,Kemal Tanca,TANCA
VKS,Tamer Tanca,Tamer Tanca,TANCA
VKS,Valmenti,Valmenti,TANCA
VLK AYK,Tamer Tanca,Tamer Tanca,TANCA
VLK AYK,Valmenti,Valmenti,TANCA
VODER,Kemal Tanca,Kemal Tanca,TANCA
VOI CANTA,Kemal Tanca,Kemal Tanca,TANCA
VOI CANTA,Tamer Tanca,Tamer Tanca,TANCA
VOILE BLANCHE,Kemal Tanca,Kemal Tanca,TANCA
VOILE BLANCHE,Voile Blanche,Voile Blanche,TANCA
WAG,Kemal Tanca,Kemal Tanca,TANCA
WEARLIGHT,WEARLIGHT,WEARLIGHT,TANCA
WEST TO WEST,Kemal Tanca,Kemal Tanca,TANCA
WEST TO WEST,Valmenti,Valmenti,TANCA
WOLFSTEP AYK,Tamer Tanca,Tamer Tanca,TANCA
WOLFSTEP AYK,Valmenti,Valmenti,TANCA
WOLY,Kemal Tanca,Kemal Tanca,TANCA
WOZ,Kemal Tanca,Kemal Tanca,TANCA
XACARET,Kemal Tanca,Kemal Tanca,TANCA
YAGMUR AYK.,Kemal Tanca,Kemal Tanca,TANCA
YAPICI,Kemal Tanca,Kemal Tanca,TANCA
YAPICI,Tamer Tanca,Tamer Tanca,TANCA
YASEM AYK,Valmenti,Valmenti,TANCA
YASEMIN PESOK,Kemal Tanca,Kemal Tanca,TANCA
YASEMIN PESOK,Tamer Tanca,Tamer Tanca,TANCA
YASEMIN PESOK,Valmenti,Valmenti,TANCA
YASIN ONER AYK,Tamer Tanca,Tamer Tanca,TANCA
YASIN ONER AYK,Valmenti,Valmenti,TANCA
YATKIN AYK,Kemal Tanca,Kemal Tanca,TANCA
YAVUZ KUND.,Kemal Tanca,Kemal Tanca,TANCA
YAYGAN CANTA,Kemal Tanca,Kemal Tanca,TANCA
YAYLA AYK,Valmenti,Valmenti,TANCA
YEDILI,Kemal Tanca,Kemal Tanca,TANCA
YEDILI,Tamer Tanca,Tamer Tanca,TANCA
YEES,Kemal Tanca,Kemal Tanca,TANCA
YEES,Tamer Tanca,Tamer Tanca,TANCA
YENEL ELDİVEN,Kemal Tanca,Kemal Tanca,TANCA
YENEL ELDİVEN,Tamer Tanca,Tamer Tanca,TANCA
YENEL ELDİVEN,Valmenti,Valmenti,TANCA
YENER AYK,Kemal Tanca,Kemal Tanca,TANCA
YENER AYK,Tamer Tanca,Tamer Tanca,TANCA
YENİ MEVSİM,Kemal Tanca,Kemal Tanca,TANCA
YENİ MEVSİM,Tamer Tanca,Tamer Tanca,TANCA
YESILOZ AYK,Valmenti,Valmenti,TANCA
YEŞİL,Kemal Tanca,Kemal Tanca,TANCA
YEŞİLYURT KONF.,.,.,TANCA
YILDIZ KUND,Kemal Tanca,Kemal Tanca,TANCA
YILMAZ,Kemal Tanca,Kemal Tanca,TANCA
YILMAZ CANTA,Kemal Tanca,Kemal Tanca,TANCA
YILMAZ ÇANTA,Tamer Tanca,Tamer Tanca,TANCA
YILMAZ SUNI DR,Tamer Tanca,Tamer Tanca,TANCA
YILMAZ SUNI DR,Valmenti,Valmenti,TANCA
YNR AYK,Kemal Tanca,Kemal Tanca,TANCA
YONCA AYK,Tamer Tanca,Tamer Tanca,TANCA
YONCA AYK,Valmenti,Valmenti,TANCA
YORENTINI,Kemal Tanca,Kemal Tanca,TANCA
YORENTINI,Tamer Tanca,Tamer Tanca,TANCA
YOYO AYK,Tamer Tanca,Tamer Tanca,TANCA
YUCEL,Kemal Tanca,Kemal Tanca,TANCA
YUNUS AYGUL,Kemal Tanca,Kemal Tanca,TANCA
YUNUS AYGUL,Tamer Tanca,Tamer Tanca,TANCA
YUUNA ÇANTA,Tamer Tanca,Tamer Tanca,TANCA
YUUNA ÇANTA,Valmenti,Valmenti,TANCA
YVES DESFARGE,Kemal Tanca,Kemal Tanca,TANCA
ZAFER TURKOGLU,Kemal Tanca,Kemal Tanca,TANCA
ZAFER TURKOGLU,Tamer Tanca,Tamer Tanca,TANCA
ZAFER TURKOGLU,Valmenti,Valmenti,TANCA
ZANDAR,Kemal Tanca,Kemal Tanca,TANCA
ZANDAR,Tamer Tanca,Tamer Tanca,TANCA
ZENGARINI,Kemal Tanca,Kemal Tanca,TANCA
ZENMODA AYK,Tamer Tanca,Tamer Tanca,TANCA
ZENO,Kemal Tanca,Kemal Tanca,TANCA
ZENOLLI,Kemal Tanca,Kemal Tanca,TANCA
ZENSAN AYK,Kemal Tanca,Kemal Tanca,TANCA
ZENSAN AYK,Tamer Tanca,Tamer Tanca,TANCA
ZENSAN AYK,Valmenti,Valmenti,TANCA
ZERVENT,Kemal Tanca,Kemal Tanca,TANCA
ZERVENT,Tamer Tanca,Tamer Tanca,TANCA
ZETA,Kemal Tanca,Kemal Tanca,TANCA
ZEYN AYK,Tamer Tanca,Tamer Tanca,TANCA
ZEYN AYK,Valmenti,Valmenti,TANCA
ZIRVE,Kemal Tanca,Kemal Tanca,TANCA
ZIRVE,Tamer Tanca,Tamer Tanca,TANCA
ZIYLAN TABAN,Tamer Tanca,Tamer Tanca,TANCA
